2.863687;2.449778;4.573814;1.000000
8.382446;0.960303;0.339534;-1.000000
1.975766;8.930524;2.163773;-1.000000
7.978478;2.914394;8.859594;-1.000000
8.177912;0.225765;1.024601;-1.000000
5.813065;0.128631;1.891319;1.000000
1.307061;0.734642;2.504702;1.000000
0.703243;1.997298;0.694609;1.000000
3.393834;1.550197;4.123362;1.000000
8.493009;8.695939;5.500884;-1.000000
0.021373;3.201060;5.159976;-1.000000
0.326202;9.311065;3.226700;-1.000000
1.642934;8.727773;1.197411;-1.000000
3.008861;6.397515;5.953635;1.000000
4.115624;1.540210;5.805632;1.000000
9.055905;0.259873;3.602336;1.000000
8.875275;0.177587;5.098856;1.000000
0.775785;0.519151;8.514942;-1.000000
1.479363;2.575633;7.327470;-1.000000
0.466816;0.700471;3.764929;-1.000000
5.812676;7.639031;9.475315;-1.000000
0.070986;2.713598;6.046990;1.000000
1.070013;2.325653;8.581707;1.000000
0.571082;0.120991;6.628603;1.000000
3.848577;2.588826;3.072007;-1.000000
8.930124;1.558566;7.670008;1.000000
9.336007;3.958995;0.535516;1.000000
3.924717;2.096266;8.326400;1.000000
1.311290;1.256873;3.442207;1.000000
8.178186;1.861422;0.561536;-1.000000
3.179341;3.366997;2.970628;-1.000000
0.010103;3.343789;2.345717;-1.000000
8.035784;0.286053;2.010883;-1.000000
3.043157;3.835677;3.815482;1.000000
0.593523;6.463982;2.769294;1.000000
3.651013;9.336539;4.116543;1.000000
7.269928;0.280371;3.687189;1.000000
7.254410;0.881106;4.507258;-1.000000
8.272981;2.193273;2.182148;-1.000000
8.370019;3.870587;4.097874;-1.000000
0.172533;9.315017;5.254319;-1.000000
5.791973;2.111754;5.331466;1.000000
6.721180;2.720297;4.782935;1.000000
1.965825;1.565962;9.310693;1.000000
8.292988;1.038767;7.049955;1.000000
0.206196;2.080165;7.499986;-1.000000
8.059864;3.261034;7.768141;-1.000000
8.409078;0.038706;6.616405;-1.000000
0.385521;3.173696;0.509990;1.000000
9.157583;3.991040;5.911478;-1.000000
0.661601;2.918698;1.460336;-1.000000
8.142631;5.565192;9.442570;-1.000000
5.268383;1.563832;8.936589;-1.000000
2.242623;6.118804;2.748605;1.000000
8.377219;4.084160;0.944350;1.000000
2.008243;4.829252;1.390806;1.000000
9.423744;6.100871;4.582404;1.000000
7.006497;4.869804;3.829069;-1.000000
0.195170;5.193061;4.307251;-1.000000
1.461962;2.302926;2.412257;-1.000000
1.109682;5.457915;6.115108;-1.000000
8.238007;3.797735;6.114942;1.000000
1.008371;4.418392;4.403939;1.000000
1.298808;4.777763;3.183745;1.000000
8.088058;2.150869;7.259165;1.000000
7.095849;1.430685;7.599181;-1.000000
5.204492;6.194870;3.173609;-1.000000
8.582826;2.798626;5.514913;-1.000000
1.608264;1.693525;6.874441;-1.000000
7.845813;4.847783;7.488992;1.000000
1.991655;0.704690;5.396526;1.000000
7.385135;2.922878;0.588458;1.000000
9.508737;4.148498;8.847481;-1.000000
7.135706;2.506648;9.242991;1.000000
7.560984;6.222639;0.877457;1.000000
1.897472;4.122805;7.078038;1.000000
0.815340;6.362974;3.943626;1.000000
9.390076;7.080410;2.625442;-1.000000
1.134982;5.555454;0.553733;-1.000000
4.359702;4.299255;8.283054;-1.000000
2.135373;4.402777;5.581802;-1.000000
0.492720;4.408528;5.413460;1.000000
1.559315;7.014933;1.375373;1.000000
0.266060;5.390773;3.397017;1.000000
6.840649;3.931953;4.615555;1.000000
0.949975;3.398837;5.122078;-1.000000
9.259620;7.877847;3.517669;-1.000000
1.405859;7.391455;5.110031;-1.000000
6.023925;2.850931;7.109150;-1.000000
2.543066;6.138068;6.856748;1.000000
8.889693;4.894131;8.481027;1.000000
9.377128;6.497319;7.614697;1.000000
3.696546;4.389839;6.438444;1.000000
9.027558;4.712713;7.419957;-1.000000
3.296145;5.533593;7.366159;-1.000000
9.437600;5.464907;6.322907;-1.000000
8.951108;8.893956;9.351636;1.000000
0.750053;7.286987;2.216748;-1.000000
2.791738;6.464595;7.828373;-1.000000
8.501859;1.187214;1.598462;-1.000000
7.581417;5.987048;1.930101;-1.000000
0.065442;5.441551;2.387144;1.000000
1.230339;5.462778;4.330883;1.000000
1.039308;3.920078;0.397858;1.000000
7.809962;7.116749;4.904652;1.000000
9.316500;9.144133;6.411959;-1.000000
0.706123;8.304351;9.248369;-1.000000
4.006693;7.132845;2.225199;-1.000000
8.294027;5.504343;6.845482;-1.000000
0.681187;7.303133;3.342303;1.000000
3.883567;7.449295;0.896811;1.000000
0.197891;7.576597;5.450796;1.000000
1.598861;5.779855;7.055783;1.000000
9.334734;5.339494;9.216696;-1.000000
7.386282;6.520472;5.606420;-1.000000
3.180615;4.652951;5.324532;-1.000000
8.987974;9.206338;7.316154;-1.000000
0.172011;5.974472;8.468753;1.000000
2.749339;9.355147;9.466158;1.000000
0.627635;7.375910;8.682799;1.000000
8.748237;1.126508;8.757569;-1.000000
1.108634;1.492894;7.719039;1.000000
0.238872;8.575097;7.348940;1.000000
0.978816;5.915227;7.781011;1.000000
8.517269;7.331821;2.294646;1.000000
8.808509;7.788398;1.244632;-1.000000
1.835443;3.824031;1.149758;-1.000000
2.755010;8.063732;3.654237;-1.000000
0.058642;8.557905;2.132674;-1.000000
2.590474;8.449495;1.475895;1.000000
3.189375;6.709232;1.532258;1.000000
0.056966;8.813037;1.231344;1.000000
0.612867;7.233906;4.507760;1.000000
7.186488;0.380689;2.665756;-1.000000
3.211583;7.457758;6.152926;-1.000000
7.514558;8.633085;3.522499;-1.000000
4.231079;7.501511;6.728922;-1.000000
0.693885;9.044766;0.542367;1.000000
1.369641;8.873297;7.110478;1.000000
2.435801;0.590221;6.839084;1.000000
0.116267;8.682752;8.628219;1.000000
0.253327;0.058547;9.437664;-1.000000
2.682913;9.500003;5.587816;-1.000000
0.841852;5.344945;9.135153;-1.000000
0.093366;1.074591;9.417975;-1.000000
2.836506;1.576137;2.494551;1.000000
9.351482;7.704476;9.079822;1.000000
4.191807;9.043100;2.082519;1.000000
1.265034;3.020735;4.040203;1.000000
9.071665;0.082548;0.715544;-1.000000
6.322304;9.162148;0.899475;-1.000000
3.811561;0.014681;8.984942;-1.000000
9.518670;8.942667;4.228701;-1.000000
0.786189;3.604910;6.029050;1.000000
2.284484;0.587302;2.112447;1.000000
1.513839;1.056517;4.355265;1.000000
4.195685;6.577457;6.003489;1.000000
4.673695;2.532903;2.317792;-1.000000
2.810957;0.595142;4.763323;-1.000000
4.367130;1.203690;9.038161;-1.000000
9.507370;2.656861;8.448925;-1.000000
5.822331;8.312846;8.331858;1.000000
1.417393;0.518366;7.239632;1.000000
2.807669;8.929769;4.799890;1.000000
0.976440;6.430297;9.074824;1.000000
2.920141;1.649630;0.562369;-1.000000
0.993362;0.915529;1.524280;-1.000000
2.118635;7.074950;6.273923;-1.000000
1.625133;2.795755;9.197257;1.000000
2.111613;2.713284;8.188019;-1.000000
1.806223;3.017051;1.717325;-1.000000
0.421220;2.415087;9.267654;-1.000000
1.099370;2.043482;1.572167;-1.000000
0.970817;4.318987;8.848770;1.000000
1.215709;1.384005;8.745185;1.000000
1.393647;3.038435;0.727152;1.000000
0.023653;1.574020;1.745144;1.000000
3.989822;2.322833;4.147519;-1.000000
5.170033;3.178574;1.862367;-1.000000
8.901960;2.491754;1.458732;-1.000000
1.041498;9.159394;4.323517;-1.000000
0.641104;2.399572;5.278410;1.000000
8.879299;2.697255;2.819895;1.000000
0.379387;6.991656;6.305217;1.000000
2.502126;1.617145;4.617384;1.000000
0.812868;2.685236;6.649075;-1.000000
4.350655;9.233344;6.895343;-1.000000
1.765904;0.177247;1.421442;-1.000000
0.253832;4.496464;6.611668;-1.000000
1.631698;8.646720;0.249385;1.000000
2.827805;2.558479;2.485742;1.000000
2.105492;1.119199;1.192927;1.000000
2.495645;3.879417;8.360650;-1.000000
2.301119;6.395253;9.110809;1.000000
1.820203;3.798919;9.159963;1.000000
2.714586;4.250321;0.853421;1.000000
1.894779;5.243041;2.331595;1.000000
2.026990;3.100339;2.971165;-1.000000
3.729766;2.405185;2.075390;-1.000000
4.034488;3.500298;3.556576;-1.000000
9.194222;2.204864;3.741938;-1.000000
1.683719;0.053766;0.254935;1.000000
0.055685;3.400049;6.701159;1.000000
4.265608;4.737039;4.002376;1.000000
2.307898;3.158315;4.022746;1.000000
0.438680;3.563443;4.166440;-1.000000
2.454727;7.795209;4.832664;-1.000000
4.406391;3.669770;6.475012;-1.000000
0.551613;8.333451;3.004654;-1.000000
6.298423;1.926560;8.615059;1.000000
2.654117;1.529276;7.313135;1.000000
3.805015;1.519355;7.332540;1.000000
2.663961;4.090340;6.400487;1.000000
2.660548;5.216083;3.208766;-1.000000
1.410749;2.545581;5.877606;-1.000000
2.160391;4.765154;8.770210;-1.000000
2.892308;5.432571;8.681334;1.000000
4.070644;8.659678;9.337058;-1.000000
2.869969;6.848550;0.394317;-1.000000
2.397138;2.129474;6.585050;-1.000000
0.682211;3.850961;1.743483;-1.000000
1.322349;3.787742;3.510258;1.000000
3.763579;4.202458;0.656720;1.000000
4.303799;6.604718;1.387182;1.000000
1.510841;3.906585;2.256642;1.000000
2.023527;8.151463;5.612860;-1.000000
4.940868;7.176714;2.031964;-1.000000
0.263171;2.436552;2.256995;-1.000000
6.266196;4.074300;3.158983;-1.000000
8.795517;5.933670;8.750041;1.000000
1.859937;5.687411;3.558378;1.000000
0.902685;3.799400;7.090956;1.000000
1.232147;1.993893;4.144525;1.000000
1.621749;6.872913;7.198635;-1.000000
5.063256;8.731315;8.834624;-1.000000
4.934272;5.326840;2.907696;-1.000000
0.822959;6.311617;6.807705;-1.000000
0.361117;6.075105;0.347391;1.000000
1.989291;4.620548;7.782958;1.000000
1.843563;3.464042;5.651637;1.000000
1.425464;9.410260;8.096594;-1.000000
2.337544;5.682075;0.601286;1.000000
3.559828;4.754174;9.027040;1.000000
2.459923;9.043217;0.794703;1.000000
1.389100;3.644513;8.043711;1.000000
3.324051;5.395081;2.523990;-1.000000
8.777305;8.198074;2.472297;-1.000000
3.944179;8.714807;0.834609;-1.000000
1.498316;7.710668;2.675727;-1.000000
2.059911;8.614111;4.287946;1.000000
0.915224;8.058898;0.691764;1.000000
3.750393;8.295015;5.926633;1.000000
3.005927;8.085664;6.775125;1.000000
4.804898;8.370650;6.436277;-1.000000
1.104587;9.203484;2.697424;-1.000000
5.253536;3.523293;7.767630;-1.000000
1.093586;8.435568;1.945225;-1.000000
9.400270;8.490113;5.602233;1.000000
1.314477;6.081437;5.158233;1.000000
1.566260;7.557778;7.956890;1.000000
0.322605;5.539845;5.226076;1.000000
1.734193;5.988806;1.347818;-1.000000
2.718621;5.601613;5.255994;-1.000000
3.292594;5.853307;0.944083;-1.000000
2.544323;8.428774;9.299017;1.000000
2.521845;3.670560;1.989888;-1.000000
3.328113;0.880787;9.433565;-1.000000
2.488541;0.779421;0.302594;-1.000000
3.371229;7.719763;4.459429;-1.000000
2.114712;9.047707;8.718979;1.000000
3.633534;7.076411;5.204212;1.000000
9.456818;6.625370;9.266729;1.000000
1.934777;0.190544;4.451840;1.000000
7.772294;6.757414;4.038829;-1.000000
3.216535;7.707574;1.709265;-1.000000
0.881850;8.457277;5.111373;-1.000000
8.790059;5.935347;3.641648;-1.000000
9.334673;0.382404;1.783370;1.000000
2.059059;7.606282;0.738335;1.000000
0.668321;6.994652;7.793610;1.000000
8.071050;6.595648;6.463610;1.000000
3.151868;0.600890;7.575967;-1.000000
1.457725;1.100691;6.112444;-1.000000
3.352742;7.098682;7.102385;-1.000000
8.670598;7.094496;7.285846;-1.000000
8.436887;9.044960;4.416281;1.000000
0.005188;8.315334;0.461193;1.000000
6.751507;9.289316;9.478557;1.000000
3.439173;0.569744;1.807578;1.000000
4.779122;8.047065;2.799725;-1.000000
4.985244;6.813239;0.401459;-1.000000
4.079739;1.536942;1.645204;-1.000000
4.748629;8.866900;3.979297;-1.000000
1.347036;0.289107;3.518410;1.000000
2.702669;0.388503;1.209198;1.000000
4.532538;0.298295;3.536438;1.000000
2.567344;0.549775;3.770840;1.000000
5.337569;7.868563;3.578801;-1.000000
3.617753;0.906845;0.811889;-1.000000
8.256279;0.616337;4.153721;-1.000000
2.909322;2.452602;3.480032;-1.000000
2.593367;7.881452;2.591059;1.000000
4.564092;1.053129;6.663182;1.000000
5.942118;1.089082;5.668415;1.000000
3.598239;0.725304;6.507894;1.000000
3.340800;3.256535;7.959999;-1.000000
2.797375;8.593632;5.858806;-1.000000
4.997248;5.847476;1.231125;-1.000000
2.142949;8.258965;7.549423;-1.000000
3.374052;7.981029;7.808771;1.000000
1.914636;0.531962;8.983533;1.000000
2.903423;0.219595;8.545146;1.000000
4.436052;8.946349;8.045129;-1.000000
4.509720;4.581926;9.334151;1.000000
6.800752;5.262329;6.182914;1.000000
6.085025;1.598148;0.125071;1.000000
1.095434;1.179262;0.103604;1.000000
1.923351;1.536509;2.105096;-1.000000
7.502826;1.404449;3.502652;-1.000000
6.142681;0.837150;0.894844;-1.000000
3.668625;4.099549;4.659486;-1.000000
4.826294;4.013208;4.532228;1.000000
2.612037;4.450398;4.558438;1.000000
4.520471;3.012217;4.620207;1.000000
9.225837;1.965777;5.596248;1.000000
3.542119;3.132261;4.264550;-1.000000
8.833118;2.197848;4.641524;-1.000000
1.810103;2.637286;4.800830;-1.000000
2.018639;1.752351;8.138744;-1.000000
2.863704;4.934090;0.160410;1.000000
5.474326;5.462168;3.992722;1.000000
2.880164;2.518990;7.289652;1.000000
4.440825;3.580096;9.352653;1.000000
3.895585;5.455859;8.268416;-1.000000
5.051797;7.540358;8.666451;-1.000000
2.745888;1.311421;8.647970;-1.000000
4.067422;4.812766;2.552629;1.000000
0.774838;1.471844;2.349441;-1.000000
4.945178;4.866272;0.792346;-1.000000
1.704452;4.741724;0.447662;-1.000000
5.375518;3.560534;2.953325;-1.000000
3.908593;3.435549;2.391491;1.000000
4.774624;2.220420;1.254665;1.000000
3.700891;1.604330;2.975166;1.000000
9.432552;3.102633;3.413746;1.000000
4.252897;6.336803;4.876181;-1.000000
3.659349;5.434786;4.582721;-1.000000
4.897308;2.696374;3.294228;-1.000000
8.392182;3.614322;5.101316;-1.000000
2.404167;1.276698;6.160451;1.000000
9.267600;0.748345;4.530227;1.000000
2.482627;3.114102;0.530634;1.000000
4.552969;2.932722;5.906639;1.000000
4.351088;7.719324;3.844343;-1.000000
4.450089;7.235646;4.682279;-1.000000
3.560986;3.886514;8.637107;-1.000000
2.597032;2.356249;9.320625;-1.000000
1.137258;6.770942;5.819942;1.000000
5.486510;4.270421;8.501359;1.000000
3.035821;5.030316;1.442676;1.000000
5.161637;5.247721;8.486880;-1.000000
2.364111;6.589125;1.125810;1.000000
5.932509;8.063133;1.213090;1.000000
6.413726;2.477435;0.857188;1.000000
5.894180;5.081717;7.791846;1.000000
2.508467;6.866867;2.135843;-1.000000
5.005596;4.364310;2.394427;-1.000000
1.854156;5.185403;5.021802;-1.000000
1.958471;4.802469;3.905957;-1.000000
3.090176;0.585987;2.814368;1.000000
3.522491;4.149641;1.729906;1.000000
3.135422;6.370575;4.696942;1.000000
2.606265;3.489929;5.007440;1.000000
2.390158;5.591975;7.770019;-1.000000
4.097726;8.371171;7.241058;-1.000000
5.105065;7.930401;4.482575;-1.000000
8.907540;7.379852;6.345807;-1.000000
2.004820;5.876603;5.930635;1.000000
1.665124;6.473264;8.200448;1.000000
2.084911;4.934579;6.524685;1.000000
1.220701;4.491711;6.107653;1.000000
2.813119;3.824440;9.505444;-1.000000
1.395688;6.503949;0.452841;-1.000000
6.260285;4.798482;8.657080;-1.000000
3.081242;7.119433;8.457078;1.000000
3.357594;7.707327;9.190923;-1.000000
5.561785;6.023364;7.654918;-1.000000
2.928132;6.291876;3.526175;-1.000000
1.847740;6.473601;4.268535;-1.000000
3.625720;8.347192;3.503187;1.000000
4.677080;0.270303;9.486299;1.000000
3.654511;9.386967;5.460200;1.000000
4.657317;5.905623;4.044320;1.000000
2.567180;7.111264;4.209565;-1.000000
5.815935;6.029368;2.508041;-1.000000
4.318929;8.102650;1.785447;-1.000000
2.466403;1.497296;3.396691;-1.000000
2.267692;4.021179;3.284295;1.000000
5.640345;7.128250;2.937005;1.000000
5.054036;6.754575;5.677383;1.000000
4.011877;6.712698;3.774932;1.000000
2.292045;7.368124;9.252999;-1.000000
2.456019;7.391659;7.398308;-1.000000
4.571351;5.603091;7.322608;-1.000000
4.557367;2.867776;0.483015;-1.000000
5.664561;4.944458;6.766609;1.000000
6.941017;9.379768;6.975690;1.000000
2.484839;7.072069;3.073905;1.000000
3.301640;8.714049;8.592051;-1.000000
1.464752;5.339733;8.344795;1.000000
6.156385;9.459777;7.755998;1.000000
2.952513;9.052803;2.598697;1.000000
2.777166;4.829656;7.184474;1.000000
3.225965;9.159188;1.616124;-1.000000
5.246735;8.782082;1.690870;-1.000000
2.615731;2.253045;1.512643;-1.000000
0.824518;0.491903;4.807147;-1.000000
1.940155;1.805234;5.374458;1.000000
9.276544;8.094175;4.548147;1.000000
6.042297;7.122485;4.058254;1.000000
1.746849;0.065958;6.277413;1.000000
0.738394;9.274160;1.686155;-1.000000
4.504298;9.054543;5.862175;-1.000000
3.384045;9.277290;6.596661;-1.000000
3.642409;5.851342;6.561925;-1.000000
1.582038;8.181216;8.795235;1.000000
5.236187;0.553696;2.801986;1.000000
5.652528;8.140614;5.915620;1.000000
0.529706;9.370200;7.672162;1.000000
6.840430;1.353317;5.839140;-1.000000
3.756341;6.383610;7.819295;-1.000000
5.922991;8.555138;0.044584;-1.000000
3.366699;6.163092;9.241880;-1.000000
6.404422;0.702310;9.372385;1.000000
8.004917;1.335382;8.010871;1.000000
7.528535;1.124422;1.220201;1.000000
0.348056;0.662282;0.735999;1.000000
3.998876;0.852824;4.892511;-1.000000
6.721432;1.146530;2.717028;-1.000000
6.700522;1.007367;1.772404;-1.000000
5.546117;2.220790;2.679056;-1.000000
5.779410;2.360466;6.256298;1.000000
0.184551;1.550995;3.229799;1.000000
5.904636;1.977962;4.310901;1.000000
1.124311;1.361175;5.210680;1.000000
1.737999;9.077160;5.241600;-1.000000
2.127029;9.465057;3.014957;-1.000000
6.382335;1.611696;6.709009;-1.000000
3.768922;2.882222;9.007805;-1.000000
6.740379;2.333381;5.942054;1.000000
7.267811;4.407391;5.667770;1.000000
3.246424;0.875081;5.629228;1.000000
2.262337;9.451529;7.592770;1.000000
4.347162;0.123096;1.284138;-1.000000
3.509313;3.314456;0.449730;-1.000000
0.272412;0.857782;7.824184;-1.000000
5.400641;0.956188;0.252875;1.000000
7.117681;1.502410;0.373930;-1.000000
2.258753;3.301836;7.419574;-1.000000
4.079944;3.116063;1.386439;-1.000000
2.835680;4.477549;2.334072;-1.000000
3.169076;3.038433;1.437305;1.000000
7.404813;0.470929;9.413570;1.000000
7.204788;2.645004;3.148318;1.000000
3.271205;6.572136;2.534393;1.000000
5.565540;1.349662;3.274717;-1.000000
7.616940;2.216601;1.427840;-1.000000
6.982361;2.021477;4.233313;-1.000000
8.293263;0.698885;2.978765;-1.000000
3.622649;3.073374;6.667546;1.000000
6.386452;5.485557;4.227381;1.000000
7.627741;2.480260;5.657651;1.000000
4.087481;3.614722;7.424546;1.000000
6.116007;4.446207;4.117394;-1.000000
6.423899;5.873972;5.370786;-1.000000
5.921185;3.924073;2.076793;-1.000000
1.910504;8.175084;6.651713;-1.000000
3.334359;1.768819;6.450202;1.000000
6.139097;4.175144;6.179025;1.000000
3.640457;1.886515;9.170099;1.000000
4.169017;6.334503;0.500492;-1.000000
2.996218;1.294576;1.500059;1.000000
4.040834;2.591545;7.471556;1.000000
6.548638;4.816834;0.460323;1.000000
6.467859;3.103953;9.512138;1.000000
5.184850;4.545558;3.583423;-1.000000
9.200262;3.267825;9.347922;-1.000000
5.506651;4.779463;9.338845;-1.000000
1.782891;3.821993;4.651226;-1.000000
2.709123;5.872300;1.876345;1.000000
3.657904;5.609949;3.563590;1.000000
5.655915;4.052975;5.243049;1.000000
5.579351;4.120899;1.137235;1.000000
4.627422;4.712209;6.685031;-1.000000
3.486153;2.816288;5.326980;-1.000000
6.838540;4.791522;7.043862;-1.000000
3.452650;3.643395;5.808318;-1.000000
6.115467;2.783070;8.235573;1.000000
6.817792;3.357120;6.420984;1.000000
7.687097;3.059989;6.876196;1.000000
4.408437;3.279560;8.331802;1.000000
3.957712;5.817252;1.972663;-1.000000
5.359674;3.362200;8.947702;-1.000000
3.039699;4.677297;8.106335;-1.000000
4.685489;1.713291;2.965531;1.000000
7.038971;4.656639;2.744763;-1.000000
6.184338;6.713519;9.089549;-1.000000
2.812940;9.027011;3.645570;-1.000000
3.372367;4.432759;3.232543;-1.000000
5.232743;0.821141;4.156509;1.000000
5.913939;5.941904;1.414508;1.000000
4.071076;4.787927;5.459871;1.000000
2.568570;5.552703;4.227548;1.000000
5.130543;6.804405;4.037161;-1.000000
6.113590;6.010974;8.491556;-1.000000
2.973783;5.108512;6.250747;-1.000000
6.849483;6.365094;6.444912;-1.000000
3.760616;8.608939;4.840120;1.000000
6.518842;7.120765;2.363463;1.000000
8.809158;5.794003;5.684070;1.000000
6.970706;3.292957;7.639786;1.000000
5.402329;9.305056;7.031541;-1.000000
6.231777;5.697611;7.101215;-1.000000
4.154727;2.247050;6.559678;-1.000000
4.007714;5.204637;0.945860;-1.000000
5.934910;6.493881;0.592509;1.000000
5.695114;9.508376;0.143701;1.000000
5.247983;6.654576;8.955851;1.000000
6.570328;5.831691;0.725876;-1.000000
3.013145;8.210223;0.578596;1.000000
8.643227;7.791377;0.259272;1.000000
5.614040;8.604456;2.901414;1.000000
4.881305;6.178601;2.160836;1.000000
3.600300;8.306892;2.411120;-1.000000
7.674293;5.473193;4.387283;-1.000000
5.886945;6.937047;1.612106;-1.000000
4.329808;0.422836;5.960482;-1.000000
6.757870;8.287338;6.308499;1.000000
0.603151;6.688472;1.288664;1.000000
7.677151;7.677213;3.366377;1.000000
2.237978;6.808204;5.269449;1.000000
7.552670;8.125429;4.917878;-1.000000
6.773919;8.706543;5.152357;-1.000000
5.890758;8.546710;6.787378;-1.000000
5.227616;6.351307;6.643555;-1.000000
4.171970;8.026627;8.533155;1.000000
4.183648;7.422401;7.667709;1.000000
4.428876;6.547947;7.181869;1.000000
3.038339;3.716150;7.131012;1.000000
5.473753;7.411823;6.457074;-1.000000
7.069220;7.696503;5.574280;-1.000000
4.161131;6.906322;8.919053;-1.000000
4.693175;6.099468;8.211637;1.000000
4.258557;6.193354;2.942346;-1.000000
7.830880;8.765878;6.950592;-1.000000
3.589688;7.414302;3.113901;-1.000000
3.609862;0.723554;3.674338;-1.000000
8.296956;1.930541;3.224302;1.000000
7.020998;0.417041;0.821867;1.000000
7.211861;6.020546;3.714168;1.000000
7.108334;7.562509;1.550675;1.000000
6.103389;8.285523;4.258588;-1.000000
4.513409;7.542873;5.625928;-1.000000
4.382914;7.671952;9.460957;-1.000000
5.238921;4.942942;4.786340;-1.000000
4.865693;9.186118;2.829214;1.000000
9.290081;1.553349;6.572065;1.000000
5.466940;7.201309;5.000690;1.000000
4.889056;5.633077;5.340881;1.000000
4.100370;0.548080;7.553911;-1.000000
7.705984;6.086937;8.324656;-1.000000
5.193251;1.603041;6.047025;-1.000000
3.495265;9.445249;0.526425;-1.000000
5.347002;0.681328;7.639798;1.000000
5.134160;8.213847;7.427002;1.000000
2.411401;7.913016;8.376392;1.000000
8.437301;0.159958;9.365764;1.000000
4.966530;8.585184;0.479757;-1.000000
5.676221;7.797366;2.137942;-1.000000
7.009660;8.507588;8.873520;-1.000000
4.619851;1.191874;0.977467;-1.000000
6.916408;8.422835;0.554097;1.000000
6.873994;9.493654;1.839969;1.000000
7.141523;6.494628;9.338179;1.000000
4.253072;0.521321;2.516080;1.000000
4.790039;2.068022;5.047973;-1.000000
7.843004;1.057262;5.941672;-1.000000
8.016362;2.307659;4.071329;-1.000000
8.822214;1.255949;3.744341;-1.000000
7.089363;1.269157;8.562449;1.000000
0.927156;3.181938;2.769469;1.000000
5.400279;3.028998;5.173488;1.000000
4.925987;1.083211;5.248457;1.000000
7.455122;3.385469;5.387382;-1.000000
8.641521;0.573423;7.958917;-1.000000
5.471981;0.091018;6.066404;-1.000000
4.476630;9.419162;4.943128;-1.000000
7.915791;1.780444;9.007018;1.000000
8.822433;8.963756;8.199740;1.000000
5.901815;0.959690;8.370840;1.000000
9.308974;0.317639;8.675408;-1.000000
8.399048;2.284336;8.178224;1.000000
6.224669;3.890522;8.060515;1.000000
8.382675;3.456653;0.250835;1.000000
4.468289;4.062888;1.439328;1.000000
7.588297;3.186556;4.413910;-1.000000
5.179463;2.583364;7.934359;-1.000000
6.322840;1.861685;1.790641;-1.000000
5.542871;9.493058;3.662403;-1.000000
2.625718;3.154355;6.304899;1.000000
6.466273;2.042804;3.322729;1.000000
6.706674;8.920214;2.789983;1.000000
4.960907;2.140297;4.066076;1.000000
8.806399;3.449093;8.540379;-1.000000
6.316246;2.868667;2.798030;-1.000000
6.964505;3.700175;2.424797;-1.000000
8.630225;2.733416;6.596136;-1.000000
2.961904;2.326135;8.487232;1.000000
5.016718;2.818720;6.868060;1.000000
5.908920;1.798996;7.627289;1.000000
6.944735;8.921545;8.060622;1.000000
6.502425;3.699249;1.012120;-1.000000
7.768094;9.159078;8.861299;-1.000000
0.270963;3.849400;7.863581;-1.000000
5.713318;2.402434;9.345284;1.000000
0.352588;0.339941;2.517561;-1.000000
0.139933;1.466539;8.510628;-1.000000
6.468940;4.704897;1.548480;-1.000000
5.230038;4.036795;0.262057;-1.000000
8.587340;5.138507;2.814132;1.000000
8.090468;3.087237;1.272457;1.000000
8.559974;7.238204;3.277445;1.000000
7.914160;4.140761;2.481840;1.000000
5.115182;3.380669;3.865067;-1.000000
8.341577;4.963986;3.836695;-1.000000
6.201929;6.183770;3.537285;-1.000000
6.268567;0.904195;7.506748;-1.000000
7.475396;3.985807;6.979939;1.000000
0.117599;6.491085;5.605266;1.000000
7.666285;4.506747;4.480100;1.000000
1.826272;2.294204;3.424486;1.000000
7.015159;5.504562;9.328460;-1.000000
5.922024;3.453306;4.380137;-1.000000
0.693569;2.887544;7.818789;-1.000000
4.480439;3.808426;5.432257;-1.000000
5.024514;4.629370;7.591165;1.000000
3.303256;1.838630;5.213623;1.000000
8.775013;5.641636;7.847420;1.000000
5.011520;7.669356;0.911840;-1.000000
7.201356;4.571457;9.039416;1.000000
7.985410;4.067760;9.019125;1.000000
6.047211;5.712804;9.405122;1.000000
7.642254;7.161062;0.518899;1.000000
0.843106;4.739268;2.224818;-1.000000
8.032629;6.976736;1.485653;-1.000000
5.972640;2.756311;3.683284;-1.000000
4.579828;4.998511;1.772722;-1.000000
0.181255;5.602076;7.336061;1.000000
5.698791;5.551570;6.031530;1.000000
5.510665;3.475500;6.049042;1.000000
6.473006;7.235181;6.260569;1.000000
8.609828;5.379925;4.681249;-1.000000
6.427132;9.049092;3.675115;-1.000000
7.662517;5.695480;5.900767;-1.000000
2.595393;2.500275;5.586376;-1.000000
5.111829;4.778150;5.770892;1.000000
7.230864;4.162841;8.068628;1.000000
7.796133;4.659864;6.442202;1.000000
4.097072;5.515010;9.439441;1.000000
6.892414;3.540008;8.708726;-1.000000
8.152013;5.299461;0.969624;-1.000000
6.857800;5.293405;8.183084;-1.000000
7.794668;7.312038;8.759889;1.000000
4.992333;0.571586;1.862631;-1.000000
4.691740;7.138515;3.129582;-1.000000
1.192856;7.447980;9.522437;-1.000000
7.910339;8.306188;9.432827;-1.000000
4.881104;8.471436;5.256137;1.000000
7.481870;8.762986;1.411909;1.000000
6.225634;0.235663;2.872010;1.000000
7.134946;5.254881;5.125764;1.000000
8.750549;4.811936;6.466497;-1.000000
7.259593;8.055764;2.561427;-1.000000
6.152224;7.636235;7.229720;-1.000000
6.158735;6.927901;8.113956;-1.000000
5.968106;6.439483;5.932002;1.000000
6.135147;9.040616;5.775890;1.000000
8.606851;8.592648;3.447258;1.000000
6.169600;4.874299;5.427808;1.000000
6.847349;6.484757;4.552661;-1.000000
7.670822;7.647135;7.831556;-1.000000
5.614300;1.133916;6.762915;-1.000000
7.939017;9.507939;7.595044;-1.000000
4.844589;0.481518;8.544523;1.000000
5.482817;0.276625;5.119998;1.000000
5.436796;0.080869;1.088232;1.000000
8.265187;6.546013;9.458552;-1.000000
3.715956;1.103313;8.223133;1.000000
6.997475;8.332597;7.291108;1.000000
6.800539;6.412456;1.558063;1.000000
6.178461;8.703262;2.037453;1.000000
5.720068;3.119448;0.703389;-1.000000
5.745846;5.256318;0.679837;-1.000000
7.202591;5.267932;1.241503;-1.000000
7.312016;9.178819;4.474606;-1.000000
6.990685;6.269604;2.749155;1.000000
6.300768;7.906717;3.294004;1.000000
1.865259;7.867892;1.774578;1.000000
5.145321;7.002865;7.719621;1.000000
5.391835;9.010897;4.547367;-1.000000
6.892098;0.206139;5.450536;-1.000000
6.910120;0.336615;8.316088;-1.000000
7.524643;0.124843;6.139920;-1.000000
8.002260;7.552184;5.895781;1.000000
8.262379;1.928392;6.096807;1.000000
7.988773;7.676795;6.844008;1.000000
6.052971;6.646275;7.167151;1.000000
4.581074;1.399217;7.840238;-1.000000
4.734029;1.893047;0.314601;-1.000000
8.566696;8.070298;8.680509;-1.000000
5.114549;1.549727;1.855071;-1.000000
6.377871;3.825742;7.156583;1.000000
1.744813;1.952093;0.646914;1.000000
0.907085;8.333942;8.050519;1.000000
4.712835;2.389978;8.894172;1.000000
8.988440;9.101317;2.764079;-1.000000
0.699362;2.334773;3.354669;-1.000000
5.948834;9.204281;8.751550;-1.000000
6.302018;0.046422;4.605011;-1.000000
7.062800;7.838823;4.042880;1.000000
1.306995;6.406104;2.120024;1.000000
1.015120;0.214495;5.677013;1.000000
7.369027;1.834391;6.633111;1.000000
1.148989;8.790966;6.104080;-1.000000
8.522640;1.217472;5.127201;-1.000000
0.341627;1.588751;4.654096;-1.000000
6.332918;0.441552;6.350539;-1.000000
7.300389;2.422856;8.287011;1.000000
8.804114;0.764229;6.054151;1.000000
0.638744;1.707262;5.991711;1.000000
7.848855;8.517631;8.168646;1.000000
7.890450;0.618063;8.609405;-1.000000
2.241122;0.745524;7.988650;-1.000000
8.560880;8.209849;7.646109;-1.000000
8.699742;8.728776;0.765589;1.000000
5.039625;5.858854;0.141069;-1.000000
7.836419;3.081430;2.470279;-1.000000
6.047261;2.871655;1.749151;-1.000000
8.829092;2.596404;0.468915;-1.000000
8.871084;1.413228;2.606694;1.000000
8.867852;2.180317;9.070227;1.000000
7.104591;3.188063;1.626925;1.000000
7.540089;4.067950;3.546714;1.000000
5.838233;1.122921;2.254456;-1.000000
8.237134;3.100426;3.397162;-1.000000
0.684957;8.168870;4.023678;-1.000000
5.053522;1.882440;7.089318;-1.000000
6.331442;3.432267;5.378338;1.000000
5.980536;4.997817;3.115299;1.000000
7.747611;1.198377;2.258581;1.000000
4.382998;1.321786;3.889392;1.000000
8.931437;3.161905;4.382204;-1.000000
0.158753;0.888479;5.678465;-1.000000
1.667060;3.163847;6.563907;-1.000000
6.841799;2.370134;7.428909;-1.000000
0.948077;4.944496;7.155887;1.000000
9.362510;0.610782;6.945876;1.000000
7.219192;3.836599;0.269687;1.000000
0.400310;4.602735;0.111800;-1.000000
0.864243;4.719942;1.037875;1.000000
8.992041;6.947486;0.765069;1.000000
9.068752;1.595896;0.898074;1.000000
6.853292;3.438696;3.695980;1.000000
8.700545;4.974318;1.693406;-1.000000
0.842843;5.535143;1.605746;-1.000000
8.529738;3.739294;1.882387;-1.000000
6.340693;7.069233;5.138885;-1.000000
7.674256;5.447786;3.044497;1.000000
8.161340;9.380597;3.488337;1.000000
0.422789;2.542171;4.379420;1.000000
8.503887;6.062996;1.598750;1.000000
5.391044;3.943544;6.830148;-1.000000
9.084163;4.479482;3.524618;-1.000000
7.100554;2.076330;2.244955;-1.000000
8.143058;4.840323;5.425130;-1.000000
8.749921;6.715673;5.443732;1.000000
8.331519;4.195596;8.038185;1.000000
9.053678;2.856032;7.511343;1.000000
9.369827;4.325610;4.502648;1.000000
8.462518;3.894631;7.012942;-1.000000
8.740833;3.759034;2.845394;-1.000000
9.125433;4.864038;5.348460;-1.000000
6.760990;6.976801;0.810679;1.000000
8.892391;6.149593;2.613027;-1.000000
8.758974;5.933126;0.510426;-1.000000
8.713625;4.527256;0.094106;-1.000000
9.375346;4.334842;1.429728;-1.000000
7.448050;4.096821;1.503874;1.000000
0.516765;4.126740;3.098682;1.000000
7.789050;5.076908;2.000326;1.000000
7.408767;1.767102;5.088274;1.000000
8.123680;6.182851;4.792745;-1.000000
7.998628;8.085014;1.916392;-1.000000
1.053840;5.627437;2.792705;-1.000000
9.268216;3.324394;1.204451;-1.000000
7.334604;5.661110;6.919882;1.000000
7.879774;0.288986;5.058250;1.000000
0.419409;4.906312;8.011092;1.000000
3.733423;4.604612;7.454407;1.000000
7.984701;6.505030;3.102966;-1.000000
7.877184;4.936290;8.537479;-1.000000
0.383752;7.214545;0.466728;-1.000000
8.626859;7.775596;5.115996;-1.000000
7.137970;7.348806;7.076596;1.000000
7.049449;6.820851;8.382864;1.000000
6.811177;7.739719;8.099039;1.000000
4.612717;5.624745;6.380630;-1.000000
1.087574;9.244047;9.055352;1.000000
9.175588;5.103709;0.764673;1.000000
6.190055;4.049752;9.318393;1.000000
6.581059;5.455492;2.169511;1.000000
1.502650;6.686488;3.314584;-1.000000
5.641793;1.803498;0.922771;-1.000000
0.737282;3.261681;8.908186;-1.000000
8.265188;8.139606;4.238066;-1.000000
7.695046;8.628970;5.948532;1.000000
7.474408;7.126347;2.386929;1.000000
5.583365;5.032869;1.862453;1.000000
9.344946;4.581182;2.470407;1.000000
9.043879;6.435389;6.488172;-1.000000
9.068716;7.071746;4.460374;-1.000000
8.907258;6.905450;8.407538;-1.000000
3.662360;5.770896;5.477779;-1.000000
5.849567;6.235757;4.628328;1.000000
2.369912;9.031009;6.719314;1.000000
0.068910;7.426774;7.190512;1.000000
1.756186;5.522420;9.330253;1.000000
8.648715;8.451715;6.592667;-1.000000
0.205267;8.112648;6.430220;-1.000000
3.179705;8.924158;7.518946;-1.000000
7.860159;8.016421;0.941752;1.000000
7.816735;4.619134;0.418116;-1.000000
6.768770;7.633133;9.422425;-1.000000
8.733316;8.989458;1.743523;-1.000000
0.336648;7.831338;1.453570;-1.000000
1.870859;8.585673;3.218142;1.000000
7.622287;9.149211;0.457338;1.000000
0.012228;5.943264;1.566410;1.000000
9.254931;6.890685;1.709750;1.000000
3.777836;9.213268;3.056894;-1.000000
6.623516;1.074071;3.637953;-1.000000
6.855828;7.107497;3.353627;-1.000000
9.432347;6.621896;3.451437;-1.000000
7.237525;0.752349;6.923939;1.000000
7.680257;9.019566;2.475035;1.000000
1.090771;7.875827;7.062823;1.000000
1.127323;7.733261;5.971148;1.000000
0.727118;1.168859;6.835239;-1.000000
6.376686;1.294948;4.791565;-1.000000
1.600691;7.559649;3.857979;-1.000000
6.790604;6.315000;7.639075;-1.000000
3.625321;2.260023;0.869440;1.000000
9.342113;7.911147;8.043479;1.000000
7.744129;6.609252;7.416883;1.000000
