0.082484;0.152216;0.068820;1.000000
0.058688;0.818468;0.843647;-1.000000
0.791868;0.867337;0.065335;1.000000
0.771568;0.073102;0.829603;-1.000000
0.044678;11.948499;1.496681;1.000000
0.005423;0.852666;2.279900;-1.000000
0.758478;0.938986;1.547560;1.000000
0.706928;0.067506;2.161113;-1.000000
0.051233;0.062879;2.987397;1.000000
0.010189;0.842867;3.713650;-1.000000
0.690460;0.791352;3.052567;1.000000
0.810765;0.074730;3.796870;-1.000000
0.087802;0.104008;4.427815;1.000000
11.926588;0.811493;5.290741;-1.000000
0.747134;0.851046;4.466399;1.000000
0.750277;0.050379;5.179959;-1.000000
11.893984;0.053321;5.957046;1.000000
11.842864;0.843389;6.735810;-1.000000
0.687501;0.867187;5.973130;1.000000
0.762307;0.119150;6.655866;-1.000000
0.123318;0.059167;7.478774;1.000000
0.022280;0.844540;8.276509;-1.000000
0.790104;0.822065;7.487271;1.000000
0.858075;0.108256;8.238615;-1.000000
11.946533;0.098346;9.004739;1.000000
0.036734;0.772852;9.757960;-1.000000
0.736316;0.848873;8.969575;1.000000
0.773183;0.074877;9.726235;-1.000000
0.029009;11.924539;10.499850;1.000000
0.039681;0.759095;11.217190;-1.000000
0.761093;0.833361;10.470228;1.000000
0.802158;0.053062;11.248178;-1.000000
11.880920;1.593492;0.014435;1.000000
11.932906;2.377577;0.807934;-1.000000
0.763742;2.366887;0.085559;1.000000
0.720672;1.619819;0.789808;-1.000000
11.911636;1.632812;1.501871;1.000000
11.899390;2.327766;2.213670;-1.000000
0.769477;2.283095;1.496392;1.000000
0.737759;1.631426;2.320991;-1.000000
11.947673;1.597493;2.936829;1.000000
11.857177;2.361160;3.765235;-1.000000
0.706912;2.362199;3.054924;1.000000
0.762770;1.559674;3.714555;-1.000000
11.931843;1.555871;4.461933;1.000000
11.893600;2.325279;5.304621;-1.000000
0.767909;2.351862;4.432022;1.000000
0.700390;1.569100;5.272101;-1.000000
0.036283;1.613997;6.033425;1.000000
11.918332;2.463330;6.764731;-1.000000
0.697158;2.449367;6.038383;1.000000
0.754572;1.686687;6.698987;-1.000000
0.070452;1.541183;7.416355;1.000000
11.871637;2.230634;8.217393;-1.000000
0.814541;2.359347;7.512327;1.000000
0.736492;1.522854;8.262976;-1.000000
11.891618;1.518891;8.975139;1.000000
11.893246;2.249907;9.620209;-1.000000
0.682072;2.350689;9.001680;1.000000
0.729550;1.550941;9.703110;-1.000000
0.025661;1.611781;10.487862;1.000000
11.918962;2.465587;11.273298;-1.000000
0.765655;2.357759;10.453393;1.000000
0.698186;1.557722;11.239060;-1.000000
0.003593;3.182987;0.098949;1.000000
11.855030;3.863613;0.818462;-1.000000
0.689922;3.834799;11.944549;1.000000
0.717631;3.164981;0.781037;-1.000000
0.041685;3.068609;1.493345;1.000000
11.836657;3.788466;2.171243;-1.000000
0.741476;3.818102;1.556465;1.000000
0.739288;3.005193;2.299549;-1.000000
11.915660;3.094581;2.882751;1.000000
11.881984;3.818515;3.675062;-1.000000
0.732371;3.823519;2.936248;1.000000
0.603143;3.094448;3.714636;-1.000000
11.849082;3.094353;4.549084;1.000000
11.900361;3.887474;5.201939;-1.000000
0.716105;3.767929;4.434535;1.000000
0.670193;3.081131;5.270115;-1.000000
11.878982;3.092888;6.043948;1.000000
11.932016;3.774413;6.657999;-1.000000
0.673051;3.807276;5.928892;1.000000
0.775525;3.069368;6.754048;-1.000000
11.875584;3.085470;7.601241;1.000000
0.010459;3.754581;8.415897;-1.000000
0.692461;3.916798;7.468062;1.000000
0.747057;3.102203;8.171260;-1.000000
11.934148;3.047449;9.002192;1.000000
0.037640;3.798347;9.705119;-1.000000
0.798500;3.798503;9.009197;1.000000
0.715035;3.059664;9.719985;-1.000000
11.854530;3.105621;10.470793;1.000000
11.897720;3.827673;11.264282;-1.000000
0.680345;3.790838;10.480612;1.000000
0.650490;3.079515;11.197202;-1.000000
11.892251;4.607038;0.023378;1.000000
11.946566;5.264341;0.770053;-1.000000
0.727914;5.271892;11.894327;1.000000
0.767235;4.602498;0.689866;-1.000000
0.108762;4.578856;1.548949;1.000000
11.947795;5.367799;2.198992;-1.000000
0.830793;5.319795;1.490112;1.000000
0.873390;4.500047;2.181257;-1.000000
0.034657;4.509564;2.952471;1.000000
11.910194;5.246081;3.650903;-1.000000
0.762565;5.272921;2.908676;1.000000
0.707545;4.487328;3.648928;-1.000000
11.850511;4.561810;4.392274;1.000000
11.866951;5.344043;5.218721;-1.000000
0.789286;5.240981;4.364818;1.000000
0.780507;4.543521;5.194766;-1.000000
11.897859;4.655187;5.877594;1.000000
0.016017;5.355111;6.713922;-1.000000
0.652141;5.326621;5.905962;1.000000
0.653571;4.615257;6.580464;-1.000000
11.890341;4.552856;7.558967;1.000000
0.047082;5.285198;8.302987;-1.000000
0.684263;5.240369;7.459999;1.000000
0.812057;4.506413;8.284189;-1.000000
11.922299;4.488931;9.076385;1.000000
11.866869;5.252766;9.779174;-1.000000
0.746312;5.222909;9.012398;1.000000
0.733444;4.578228;9.820898;-1.000000
11.914026;4.558696;10.450060;1.000000
11.901839;5.320225;11.200211;-1.000000
0.706829;5.248675;10.472715;1.000000
0.649141;4.618129;11.255418;-1.000000
0.007617;6.022424;0.000541;1.000000
0.020495;6.777974;0.680203;-1.000000
0.809837;6.816205;11.922366;1.000000
0.795490;6.073834;0.683638;-1.000000
0.040907;6.045950;1.446150;1.000000
0.022405;6.788681;2.176864;-1.000000
0.774583;6.838228;1.449991;1.000000
0.704040;6.045636;2.230039;-1.000000
0.032275;6.041841;2.987659;1.000000
11.912296;6.741647;3.762868;-1.000000
0.672197;6.829832;3.048525;1.000000
0.768207;6.079629;3.683911;-1.000000
11.943322;5.916482;4.406132;1.000000
11.888839;6.808256;5.311074;-1.000000
0.684618;6.763180;4.495089;1.000000
0.726267;6.062043;5.097808;-1.000000
11.948083;5.981717;5.946667;1.000000
0.034551;6.832979;6.606286;-1.000000
0.793018;6.758589;5.863768;1.000000
0.702116;6.044343;6.670920;-1.000000
11.943561;6.058727;7.471288;1.000000
11.877472;6.798355;8.202556;-1.000000
0.629896;6.774663;7.413029;1.000000
0.667826;6.012697;8.225365;-1.000000
11.928607;6.088731;9.041354;1.000000
11.926421;6.875109;9.732110;-1.000000
0.798383;6.710564;9.026137;1.000000
0.735518;5.966812;9.721493;-1.000000
0.015385;6.048418;10.477211;1.000000
11.883403;6.841625;11.170295;-1.000000
0.729640;6.803311;10.525796;1.000000
0.734140;6.055688;11.200306;-1.000000
0.090843;7.535500;0.057847;1.000000
0.018596;8.268728;0.758671;-1.000000
0.779971;8.345097;11.903977;1.000000
0.813328;7.497753;0.747025;-1.000000
11.935949;7.582104;1.510341;1.000000
11.915783;8.349395;2.281592;-1.000000
0.757676;8.203505;1.523135;1.000000
0.718185;7.605321;2.335697;-1.000000
0.037572;7.527041;3.013795;1.000000
0.017897;8.250119;3.780651;-1.000000
0.744696;8.293585;3.015006;1.000000
0.782424;7.519029;3.731336;-1.000000
11.939990;7.468102;4.451776;1.000000
0.093734;8.335021;5.218533;-1.000000
0.777137;8.225229;4.474368;1.000000
0.715831;7.434204;5.185761;-1.000000
0.023092;7.546471;5.887889;1.000000
0.048276;8.257207;6.642999;-1.000000
0.722361;8.256187;5.962046;1.000000
0.760353;7.496363;6.689675;-1.000000
11.929118;7.550924;7.499715;1.000000
0.052968;8.341420;8.265971;-1.000000
0.679934;8.341583;7.451604;1.000000
0.723271;7.567920;8.220493;-1.000000
0.026835;7.530295;8.932244;1.000000
11.912528;8.242632;9.731330;-1.000000
0.797155;8.270123;9.033116;1.000000
0.869006;7.546517;9.726791;-1.000000
11.891313;7.588654;10.374875;1.000000
0.042934;8.343022;11.292276;-1.000000
0.682105;8.307047;10.418854;1.000000
0.760631;7.536206;11.268247;-1.000000
0.003259;9.100372;11.911380;1.000000
0.055837;9.850587;0.745425;-1.000000
0.824462;9.766843;0.065462;1.000000
0.767344;8.932346;0.769580;-1.000000
0.036427;9.078673;1.425831;1.000000
0.098114;9.725517;2.180659;-1.000000
0.794522;9.780495;1.397360;1.000000
0.843598;8.946872;2.218877;-1.000000
0.121820;9.021283;3.012443;1.000000
0.083019;9.729605;3.657966;-1.000000
0.758119;9.771265;2.933484;1.000000
0.758429;8.985208;3.711886;-1.000000
11.915689;9.014082;4.520824;1.000000
0.103808;9.792838;5.193035;-1.000000
0.765704;9.811130;4.452485;1.000000
0.805560;8.956069;5.237556;-1.000000
0.108002;9.046191;5.881889;1.000000
11.893171;9.765925;6.563704;-1.000000
0.750645;9.839210;5.930611;1.000000
0.741131;9.149953;6.710873;-1.000000
11.907615;9.075271;7.337021;1.000000
0.091892;9.730920;8.253663;-1.000000
0.712878;9.815372;7.432055;1.000000
0.821258;8.994012;8.171462;-1.000000
0.062842;8.990166;9.029447;1.000000
11.944033;9.702392;9.718818;-1.000000
0.748133;9.672998;8.985675;1.000000
0.735714;8.986420;9.712103;-1.000000
0.032073;9.010916;10.489951;1.000000
0.001086;9.785029;11.158901;-1.000000
0.773408;9.761553;10.434939;1.000000
0.799929;9.082316;11.222649;-1.000000
0.022495;10.539564;0.018793;1.000000
0.021397;11.212079;0.871458;-1.000000
0.717634;11.284244;0.080944;1.000000
0.764215;10.548248;0.803201;-1.000000
11.914982;10.454512;1.467168;1.000000
0.014418;11.146594;2.259620;-1.000000
0.812441;11.265922;1.515112;1.000000
0.805052;10.535822;2.173743;-1.000000
0.043373;10.545321;2.975640;1.000000
0.047343;11.288429;3.640877;-1.000000
0.817307;11.277284;2.974268;1.000000
0.800630;10.542899;3.736737;-1.000000
0.023172;10.459884;4.470568;1.000000
0.057273;11.284139;5.139021;-1.000000
0.760498;11.255931;4.461825;1.000000
0.725028;10.529873;5.175973;-1.000000
11.919378;10.593253;5.858151;1.000000
11.945086;11.268570;6.688008;-1.000000
0.723992;11.297949;5.948966;1.000000
0.685131;10.534697;6.752225;-1.000000
11.895503;10.440214;7.431734;1.000000
0.000959;11.363076;8.235496;-1.000000
0.747336;11.286288;7.514975;1.000000
0.758865;10.550249;8.287250;-1.000000
11.940749;10.499715;9.003955;1.000000
11.917687;11.200967;9.767126;-1.000000
0.733879;11.237678;9.087595;1.000000
0.691179;10.415567;9.750647;-1.000000
0.008895;10.530599;10.461256;1.000000
0.006807;11.356765;11.230108;-1.000000
0.824641;11.197767;10.467783;1.000000
0.824445;10.576686;11.235205;-1.000000
1.542390;0.030089;11.914373;1.000000
1.539735;0.851101;0.803470;-1.000000
2.233296;0.788330;11.911452;1.000000
2.272747;0.102201;0.705394;-1.000000
1.517339;0.112481;1.471174;1.000000
1.393806;0.789590;2.229126;-1.000000
2.257915;0.858914;1.530367;1.000000
2.264699;0.100197;2.171165;-1.000000
1.484960;0.103560;3.007075;1.000000
1.473450;0.827640;3.778293;-1.000000
2.330454;0.876164;2.903506;1.000000
2.314598;0.103739;3.769975;-1.000000
1.491577;0.014832;4.492379;1.000000
1.483461;0.903638;5.352943;-1.000000
2.183853;0.792936;4.488309;1.000000
2.220385;0.187211;5.267359;-1.000000
1.445258;0.030969;6.014821;1.000000
1.448312;0.801347;6.726821;-1.000000
2.215624;0.775344;6.038329;1.000000
2.165609;0.027073;6.762181;-1.000000
1.513660;0.075514;7.540463;1.000000
1.576208;0.762390;8.228799;-1.000000
2.195739;0.904228;7.358460;1.000000
2.293670;0.081946;8.178990;-1.000000
1.517504;0.116674;8.960266;1.000000
1.483578;0.825908;9.721755;-1.000000
2.339651;0.802415;8.950237;1.000000
2.212796;0.037878;9.748279;-1.000000
1.430896;0.049870;10.507330;1.000000
1.471846;0.818344;11.212131;-1.000000
2.285908;0.738836;10.497409;1.000000
2.281184;0.016595;11.283543;-1.000000
1.441851;1.572101;0.072427;1.000000
1.594956;2.371539;0.797398;-1.000000
2.168093;2.294652;11.884233;1.000000
2.247887;1.501156;0.716314;-1.000000
1.529916;1.593238;1.563854;1.000000
1.469187;2.373022;2.217352;-1.000000
2.268903;2.297225;1.500172;1.000000
2.227499;1.579240;2.268678;-1.000000
1.477669;1.481142;2.998161;1.000000
1.492287;2.371863;3.665709;-1.000000
2.325560;2.321169;2.985573;1.000000
2.168941;1.569115;3.717450;-1.000000
1.386442;1.584801;4.494210;1.000000
1.410781;2.362516;5.246093;-1.000000
2.285964;2.280861;4.513188;1.000000
2.165130;1.636635;5.332175;-1.000000
1.472821;1.673325;5.996527;1.000000
1.513958;2.375444;6.750450;-1.000000
2.186315;2.373524;6.007406;1.000000
2.203019;1.616424;6.736070;-1.000000
1.397450;1.596214;7.520512;1.000000
1.390845;2.361341;8.299007;-1.000000
2.178674;2.237662;7.459583;1.000000
2.128343;1.555045;8.238185;-1.000000
1.481510;1.517642;9.052485;1.000000
1.452056;2.310690;9.758000;-1.000000
2.211671;2.347983;9.027946;1.000000
2.296758;1.491204;9.755194;-1.000000
1.477300;1.566314;10.445592;1.000000
1.456257;2.280323;11.227510;-1.000000
2.289836;2.298922;10.475065;1.000000
2.155926;1.519086;11.193615;-1.000000
1.487413;3.084392;11.842432;1.000000
1.460985;3.847734;0.753012;-1.000000
2.264190;3.828135;0.003040;1.000000
2.246131;3.149127;0.730501;-1.000000
1.434887;3.035223;1.422514;1.000000
1.450542;3.697217;2.129072;-1.000000
2.279747;3.755403;1.603186;1.000000
2.344542;2.957888;2.269451;-1.000000
1.564677;3.135625;2.885549;1.000000
1.437468;3.715486;3.676006;-1.000000
2.297164;3.776392;3.110062;1.000000
2.351611;2.962845;3.763696;-1.000000
1.468652;3.042432;4.548794;1.000000
1.469511;3.788145;5.197892;-1.000000
2.181253;3.824180;4.370314;1.000000
2.249419;3.027180;5.249748;-1.000000
1.442714;3.106482;6.004980;1.000000
1.410213;3.910007;6.650984;-1.000000
2.220818;3.796373;5.948374;1.000000
2.227099;3.106654;6.715589;-1.000000
1.597783;3.090710;7.466785;1.000000
1.499494;3.795021;8.181817;-1.000000
2.213941;3.888480;7.395011;1.000000
2.122959;2.989422;8.217773;-1.000000
1.473666;3.120803;9.058650;1.000000
1.472197;3.842550;9.851063;-1.000000
2.208232;3.768884;9.007026;1.000000
2.212570;3.122910;9.750713;-1.000000
1.501051;3.054566;10.464961;1.000000
1.469428;3.860427;11.155861;-1.000000
2.252752;3.849724;10.453131;1.000000
2.220708;3.120476;11.149011;-1.000000
1.463635;4.553901;11.937852;1.000000
1.495790;5.337871;0.665765;-1.000000
2.291137;5.272980;11.947758;1.000000
2.225887;4.519286;0.776304;-1.000000
1.558103;4.574723;1.488724;1.000000
1.544115;5.275392;2.171292;-1.000000
2.329708;5.330429;1.445324;1.000000
2.324225;4.480126;2.291442;-1.000000
1.494592;4.534211;2.945282;1.000000
1.578767;5.252658;3.590760;-1.000000
2.299593;5.264912;2.966856;1.000000
2.285606;4.558929;3.670257;-1.000000
1.464995;4.519556;4.334026;1.000000
1.430627;5.367882;5.138058;-1.000000
2.177603;5.246652;4.499533;1.000000
2.261221;4.577344;5.214195;-1.000000
1.511150;4.622138;5.950230;1.000000
1.394445;5.268554;6.788652;-1.000000
2.264658;5.342073;5.851597;1.000000
2.208559;4.681749;6.646738;-1.000000
1.483839;4.536601;7.475341;1.000000
1.392527;5.249073;8.168383;-1.000000
2.219996;5.242320;7.494111;1.000000
2.168854;4.492727;8.207203;-1.000000
1.534982;4.538068;8.959829;1.000000
1.547372;5.294887;9.675756;-1.000000
2.186049;5.258890;8.937521;1.000000
2.236057;4.598745;9.687209;-1.000000
1.459163;4.586872;10.465615;1.000000
1.560084;5.334248;11.186828;-1.000000
2.235023;5.331122;10.434156;1.000000
2.266352;4.629140;11.162728;-1.000000
1.493465;6.022939;11.921001;1.000000
1.493996;6.825029;0.753962;-1.000000
2.191316;6.812638;0.053796;1.000000
2.213727;6.096035;0.712022;-1.000000
1.520712;6.026773;1.501030;1.000000
1.456872;6.818956;2.226172;-1.000000
2.292318;6.821037;1.573384;1.000000
2.171669;6.156244;2.281647;-1.000000
1.483353;5.957777;2.913570;1.000000
1.471301;6.835595;3.656693;-1.000000
2.220125;6.834544;3.013277;1.000000
2.221926;6.032203;3.645871;-1.000000
1.497714;6.069771;4.353604;1.000000
1.542362;6.794809;5.109035;-1.000000
2.229053;6.787612;4.368507;1.000000
2.251550;6.059337;5.189408;-1.000000
1.543860;5.980459;6.013455;1.000000
1.500985;6.751379;6.609364;-1.000000
2.243384;6.783538;5.959374;1.000000
2.271958;5.985753;6.668013;-1.000000
1.407099;6.058548;7.445952;1.000000
1.351113;6.743142;8.261812;-1.000000
2.162789;6.751051;7.508225;1.000000
2.099661;5.935315;8.244999;-1.000000
1.488092;6.008114;8.990286;1.000000
1.519746;6.822521;9.847402;-1.000000
2.175174;6.762890;8.972154;1.000000
2.164558;6.099414;9.712926;-1.000000
1.455880;6.068359;10.523427;1.000000
1.513696;6.752337;11.230219;-1.000000
2.268240;6.845051;10.512410;1.000000
2.256721;6.063284;11.248851;-1.000000
1.533878;7.588494;11.885678;1.000000
1.473099;8.307308;0.740273;-1.000000
2.269609;8.285689;0.028791;1.000000
2.201118;7.531570;0.747185;-1.000000
1.472424;7.547743;1.486202;1.000000
1.530218;8.283372;2.194978;-1.000000
2.259139;8.248499;1.465862;1.000000
2.195974;7.550222;2.214837;-1.000000
1.491666;7.599329;2.993273;1.000000
1.476878;8.343085;3.764931;-1.000000
2.236005;8.296393;2.987614;1.000000
2.277457;7.564907;3.736707;-1.000000
1.539156;7.557545;4.380039;1.000000
1.476085;8.310659;5.143899;-1.000000
2.244816;8.241927;4.515295;1.000000
2.270297;7.548479;5.320190;-1.000000
1.504850;7.496248;5.884986;1.000000
1.439273;8.297869;6.774360;-1.000000
2.222892;8.281862;5.985678;1.000000
2.233693;7.468273;6.717594;-1.000000
1.350663;7.470931;7.459054;1.000000
1.439044;8.301009;8.196471;-1.000000
2.163034;8.184156;7.490912;1.000000
2.179955;7.528176;8.176830;-1.000000
1.517810;7.559713;8.975659;1.000000
1.493797;8.295311;9.708986;-1.000000
2.224117;8.271450;9.004460;1.000000
2.278639;7.633542;9.701656;-1.000000
1.532286;7.559889;10.558351;1.000000
1.532410;8.307318;11.155287;-1.000000
2.297153;8.295925;10.535322;1.000000
2.289730;7.543374;11.224137;-1.000000
1.563084;9.088261;11.869408;1.000000
1.512211;9.753919;0.769008;-1.000000
2.274286;9.868339;0.056282;1.000000
2.316630;9.104954;0.667974;-1.000000
1.525998;9.003637;1.457213;1.000000
1.539694;9.747582;2.178577;-1.000000
2.247739;9.685406;1.477392;1.000000
2.296171;8.963259;2.238960;-1.000000
1.470458;9.029432;3.035938;1.000000
1.503116;9.842438;3.685777;-1.000000
2.249798;9.820411;2.940564;1.000000
2.236393;9.076980;3.708617;-1.000000
1.551936;9.108260;4.477407;1.000000
1.455007;9.758541;5.186632;-1.000000
2.252033;9.853020;4.468570;1.000000
2.227737;9.033755;5.204739;-1.000000
1.468898;8.997819;6.039048;1.000000
1.447994;9.785437;6.678121;-1.000000
2.224366;9.699033;5.980322;1.000000
2.186291;8.951178;6.784865;-1.000000
1.485853;8.942366;7.503053;1.000000
1.503121;9.780362;8.167614;-1.000000
2.188181;9.729533;7.411728;1.000000
2.268037;8.999166;8.245022;-1.000000
1.584632;9.019065;8.991690;1.000000
1.584389;9.798862;9.752406;-1.000000
2.340733;9.748714;8.953774;1.000000
2.260129;8.984868;9.709328;-1.000000
1.513785;9.064545;10.478067;1.000000
1.535953;9.826136;11.168449;-1.000000
2.361067;9.857996;10.424333;1.000000
2.335528;9.069440;11.203428;-1.000000
1.474672;10.471027;0.069968;1.000000
1.543566;11.254526;0.774072;-1.000000
2.231216;11.191881;11.921184;1.000000
2.281031;10.550109;0.772645;-1.000000
1.498396;10.552102;1.524819;1.000000
1.466752;11.375604;2.237699;-1.000000
2.213592;11.256094;1.521400;1.000000
2.250823;10.501237;2.177960;-1.000000
1.496371;10.592468;2.907730;1.000000
1.554486;11.325397;3.707677;-1.000000
2.358548;11.394079;2.925732;1.000000
2.239088;10.666840;3.718195;-1.000000
1.518201;10.558804;4.446908;1.000000
1.508407;11.359081;5.303098;-1.000000
2.271512;11.336646;4.518814;1.000000
2.178175;10.499518;5.263965;-1.000000
1.490571;10.554445;5.950327;1.000000
1.431441;11.204031;6.749652;-1.000000
2.279697;11.210090;6.006410;1.000000
2.208221;10.519200;6.772256;-1.000000
1.481191;10.530024;7.467625;1.000000
1.501058;11.272292;8.221190;-1.000000
2.335727;11.316206;7.530876;1.000000
2.195157;10.477715;8.236805;-1.000000
1.463450;10.435252;9.016627;1.000000
1.504969;11.230446;9.712147;-1.000000
2.260750;11.226796;8.935228;1.000000
2.224421;10.543687;9.616590;-1.000000
1.552433;10.491661;10.429440;1.000000
1.549007;11.242431;11.185432;-1.000000
2.287004;11.230795;10.446711;1.000000
2.266275;10.524583;11.186756;-1.000000
3.033984;0.039596;0.029978;1.000000
2.973299;0.790608;0.759753;-1.000000
3.707298;0.877829;0.003612;1.000000
3.815654;11.927628;0.780042;-1.000000
2.950216;0.012128;1.441390;1.000000
2.983257;0.886584;2.189737;-1.000000
3.700636;0.715145;1.487252;1.000000
3.732929;0.035888;2.245389;-1.000000
2.985594;0.150432;2.952244;1.000000
3.041349;0.823020;3.783470;-1.000000
3.765290;0.880328;2.942087;1.000000
3.703182;0.085109;3.725487;-1.000000
3.041445;0.111905;4.481082;1.000000
3.027156;0.850775;5.250935;-1.000000
3.806551;0.841044;4.513229;1.000000
3.698568;0.051525;5.255391;-1.000000
2.938664;0.072544;5.993232;1.000000
2.891573;0.834187;6.710356;-1.000000
3.627325;0.841342;6.074689;1.000000
3.664972;0.068386;6.778218;-1.000000
2.956456;0.118739;7.443145;1.000000
3.017237;0.738952;8.244161;-1.000000
3.721297;0.836900;7.515164;1.000000
3.774280;0.084114;8.248566;-1.000000
2.992549;0.084102;9.046662;1.000000
3.013781;0.823847;9.743563;-1.000000
3.713958;0.825211;9.032549;1.000000
3.789893;0.126139;9.706328;-1.000000
3.041527;0.008826;10.482836;1.000000
2.927503;0.832140;11.212444;-1.000000
3.715515;0.793727;10.525528;1.000000
3.774019;0.049396;11.206049;-1.000000
2.996958;1.543494;11.919922;1.000000
2.964639;2.290603;0.809680;-1.000000
3.625769;2.299126;11.901259;1.000000
3.655858;1.507081;0.847388;-1.000000
2.947087;1.590924;1.521812;1.000000
3.062543;2.254386;2.315993;-1.000000
3.746025;2.341115;1.458475;1.000000
3.810363;1.577827;2.139797;-1.000000
2.977625;1.585334;2.981899;1.000000
3.051330;2.219666;3.746702;-1.000000
3.722921;2.266118;2.962986;1.000000
3.745727;1.566185;3.751809;-1.000000
3.071882;1.548458;4.529546;1.000000
3.025446;2.278608;5.236033;-1.000000
3.876629;2.385592;4.542009;1.000000
3.739710;1.517915;5.257973;-1.000000
2.992927;1.616836;6.017772;1.000000
2.956524;2.304126;6.748327;-1.000000
3.737550;2.319038;5.987261;1.000000
3.722099;1.570961;6.783467;-1.000000
2.992900;1.551357;7.540340;1.000000
3.043965;2.283063;8.183102;-1.000000
3.727027;2.314037;7.465448;1.000000
3.702268;1.570434;8.243999;-1.000000
2.949207;1.638431;8.970405;1.000000
2.998071;2.274619;9.718050;-1.000000
3.718598;2.364440;9.006464;1.000000
3.755375;1.655443;9.743525;-1.000000
2.995671;1.562349;10.460259;1.000000
2.914635;2.330947;11.195622;-1.000000
3.805753;2.246071;10.468003;1.000000
3.678489;1.576518;11.180709;-1.000000
3.026877;3.086672;0.044475;1.000000
3.071011;3.885074;0.763291;-1.000000
3.793120;3.868436;0.015652;1.000000
3.813115;3.070404;0.743267;-1.000000
3.033873;3.046738;1.456202;1.000000
3.201788;3.791229;2.298166;-1.000000
3.792508;3.815078;1.533631;1.000000
3.754362;2.969181;2.305397;-1.000000
3.085001;2.992839;3.031105;1.000000
3.063809;3.755098;3.726004;-1.000000
3.780064;3.788818;3.080901;1.000000
3.877334;3.067358;3.845327;-1.000000
2.954813;3.074054;4.478376;1.000000
3.029404;3.839180;5.209244;-1.000000
3.784254;3.860277;4.514097;1.000000
3.689264;3.032977;5.259861;-1.000000
2.974641;3.080159;6.016314;1.000000
2.973742;3.900240;6.709734;-1.000000
3.750035;3.726081;5.972927;1.000000
3.692156;2.995006;6.769402;-1.000000
2.911097;3.012765;7.415111;1.000000
2.984055;3.732524;8.184693;-1.000000
3.777743;3.844388;7.464325;1.000000
3.681540;3.035974;8.117096;-1.000000
2.983967;3.031121;8.901995;1.000000
2.966819;3.831646;9.732566;-1.000000
3.718769;3.806366;8.897081;1.000000
3.726092;3.115886;9.688359;-1.000000
2.998372;3.105908;10.482502;1.000000
3.047859;3.779792;11.258598;-1.000000
3.765018;3.827889;10.548239;1.000000
3.696815;3.018414;11.194932;-1.000000
3.001405;4.545773;0.001601;1.000000
3.029627;5.282301;0.719660;-1.000000
3.764887;5.335737;0.090989;1.000000
3.828987;4.580061;0.790637;-1.000000
3.011023;4.571586;1.511956;1.000000
3.058546;5.370559;2.243481;-1.000000
3.754700;5.392968;1.424775;1.000000
3.780620;4.562643;2.162271;-1.000000
3.070113;4.601011;2.982603;1.000000
3.016235;5.269416;3.778905;-1.000000
3.805795;5.335801;3.014442;1.000000
3.838941;4.585332;3.718855;-1.000000
3.000749;4.525722;4.398895;1.000000
2.983550;5.222763;5.172699;-1.000000
3.775431;5.237334;4.444896;1.000000
3.759326;4.556980;5.305617;-1.000000
3.007784;4.579602;5.992826;1.000000
3.051905;5.282327;6.792855;-1.000000
3.734278;5.305931;6.041337;1.000000
3.692719;4.537225;6.682320;-1.000000
3.000628;4.483655;7.574758;1.000000
2.962431;5.176555;8.302644;-1.000000
3.678432;5.321009;7.543929;1.000000
3.764834;4.564284;8.260423;-1.000000
2.926122;4.501024;8.924416;1.000000
2.949606;5.322217;9.700437;-1.000000
3.735087;5.332180;8.921185;1.000000
3.659754;4.556942;9.650085;-1.000000
3.098587;4.579784;10.458320;1.000000
2.989131;5.298632;11.168053;-1.000000
3.722622;5.305625;10.478818;1.000000
3.741529;4.619793;11.255934;-1.000000
2.980566;6.068537;0.010610;1.000000
3.021155;6.878972;0.743832;-1.000000
3.716981;6.867496;11.894765;1.000000
3.752879;6.084994;0.653232;-1.000000
2.999650;6.082590;1.318696;1.000000
2.972547;6.797475;2.330713;-1.000000
3.740659;6.809055;1.500829;1.000000
3.722612;6.154391;2.206287;-1.000000
2.962195;6.011807;3.013921;1.000000
3.012516;6.724398;3.744463;-1.000000
3.762374;6.668619;3.021303;1.000000
3.738539;6.041000;3.764207;-1.000000
3.003651;6.078092;4.481791;1.000000
2.997494;6.755571;5.274819;-1.000000
3.823084;6.759770;4.496888;1.000000
3.682885;6.011581;5.207009;-1.000000
3.004286;5.910078;5.994323;1.000000
2.977042;6.681020;6.708539;-1.000000
3.790197;6.778724;5.975909;1.000000
3.827955;6.052019;6.746744;-1.000000
2.914124;6.022435;7.567418;1.000000
2.954998;6.736181;8.231425;-1.000000
3.753381;6.785747;7.439416;1.000000
3.761784;6.138625;8.197984;-1.000000
2.912146;6.022390;9.023799;1.000000
2.945925;6.815329;9.679696;-1.000000
3.694690;6.754398;9.063131;1.000000
3.716559;6.038159;9.747055;-1.000000
2.933068;6.058204;10.432924;1.000000
3.038959;6.800731;11.162159;-1.000000
3.752498;6.746330;10.417968;1.000000
3.693588;6.016191;11.315378;-1.000000
3.011376;7.552139;0.022108;1.000000
2.929748;8.268370;0.785962;-1.000000
3.815556;8.195323;0.011109;1.000000
3.742255;7.502928;0.727272;-1.000000
3.016863;7.527192;1.610292;1.000000
3.019299;8.364663;2.177578;-1.000000
3.807975;8.288846;1.503138;1.000000
3.758111;7.476400;2.300346;-1.000000
2.991842;7.595772;2.980918;1.000000
2.987330;8.333529;3.734214;-1.000000
3.758836;8.251428;2.939856;1.000000
3.660941;7.485943;3.720589;-1.000000
2.944984;7.531310;4.528804;1.000000
3.031177;8.330878;5.275394;-1.000000
3.733786;8.299627;4.468322;1.000000
3.707251;7.460030;5.204438;-1.000000
2.997136;7.408114;5.986965;1.000000
2.952816;8.207886;6.752113;-1.000000
3.734774;8.325204;6.048636;1.000000
3.796829;7.510412;6.702666;-1.000000
3.018394;7.476367;7.431850;1.000000
2.950588;8.230232;8.160606;-1.000000
3.747311;8.270504;7.365843;1.000000
3.747098;7.558095;8.282881;-1.000000
2.975806;7.508707;8.863671;1.000000
3.050069;8.308825;9.724436;-1.000000
3.735561;8.248893;8.995435;1.000000
3.769056;7.586203;9.742160;-1.000000
3.078196;7.633003;10.404454;1.000000
3.066176;8.228163;11.182474;-1.000000
3.780938;8.352832;10.465234;1.000000
3.769962;7.498790;11.168980;-1.000000
3.020376;9.013072;11.935835;1.000000
3.078241;9.822849;0.704735;-1.000000
3.831598;9.806626;0.014436;1.000000
3.776177;9.002894;0.737181;-1.000000
2.978009;8.993319;1.435332;1.000000
3.102879;9.752482;2.209555;-1.000000
3.773238;9.816284;1.514803;1.000000
3.808798;9.024127;2.235967;-1.000000
3.065019;9.037042;2.926792;1.000000
2.920463;9.762077;3.770221;-1.000000
3.713938;9.772761;3.015475;1.000000
3.705913;9.046445;3.705470;-1.000000
3.004876;9.004136;4.482159;1.000000
2.977437;9.744685;5.255370;-1.000000
3.679634;9.772588;4.467877;1.000000
3.826038;9.092510;5.241000;-1.000000
2.946453;8.984708;6.031086;1.000000
2.900255;9.756078;6.746800;-1.000000
3.741628;9.795950;5.878854;1.000000
3.756739;9.138147;6.747577;-1.000000
2.976174;8.911979;7.458389;1.000000
2.982230;9.664186;8.248655;-1.000000
3.686784;9.638461;7.568988;1.000000
3.784152;8.974752;8.252620;-1.000000
3.002433;8.965369;8.914637;1.000000
3.044192;9.719937;9.613643;-1.000000
3.773030;9.768682;8.933654;1.000000
3.800436;9.049503;9.691438;-1.000000
2.991635;9.051759;10.477524;1.000000
3.144397;9.749432;11.216915;-1.000000
3.723678;9.778377;10.423532;1.000000
3.805728;8.958873;11.223853;-1.000000
3.014527;10.447793;11.919431;1.000000
2.985810;11.144134;0.728006;-1.000000
3.858524;11.210783;11.904804;1.000000
3.879937;10.579244;0.742220;-1.000000
3.063782;10.490296;1.458520;1.000000
3.020482;11.210097;2.260557;-1.000000
3.823687;11.196633;1.495077;1.000000
3.873581;10.551640;2.333569;-1.000000
2.961526;10.475153;2.956003;1.000000
3.028834;11.226672;3.722024;-1.000000
3.674395;11.337842;3.003463;1.000000
3.677945;10.408517;3.688214;-1.000000
2.965645;10.509338;4.467993;1.000000
2.985946;11.280538;5.179952;-1.000000
3.713038;11.250577;4.395543;1.000000
3.729078;10.587402;5.102704;-1.000000
2.996712;10.464796;5.961910;1.000000
3.023914;11.247188;6.787559;-1.000000
3.637654;11.303473;6.012334;1.000000
3.718472;10.468563;6.740293;-1.000000
2.963300;10.509742;7.507629;1.000000
3.007474;11.295033;8.213082;-1.000000
3.690391;11.304200;7.498800;1.000000
3.812675;10.472602;8.185445;-1.000000
3.093686;10.552769;8.937296;1.000000
3.019629;11.250303;9.773883;-1.000000
3.694339;11.338855;9.017936;1.000000
3.764629;10.534548;9.699330;-1.000000
3.067100;10.517234;10.503640;1.000000
3.004911;11.258153;11.283436;-1.000000
3.820572;11.230681;10.519872;1.000000
3.871006;10.489466;11.275041;-1.000000
4.433061;0.059438;11.924791;1.000000
4.381920;0.786395;0.746573;-1.000000
5.194515;0.878951;11.949589;1.000000
5.203413;0.135103;0.736982;-1.000000
4.553769;0.040633;1.504655;1.000000
4.519745;0.891036;2.290230;-1.000000
5.218910;0.818527;1.488518;1.000000
5.296680;0.058282;2.314222;-1.000000
4.444952;0.058119;3.006296;1.000000
4.518125;0.876068;3.669390;-1.000000
5.197098;0.860760;2.988351;1.000000
5.162745;0.172128;3.696787;-1.000000
4.539442;0.130047;4.478335;1.000000
4.454316;0.779249;5.277925;-1.000000
5.257543;0.821069;4.518902;1.000000
5.221615;0.123550;5.219777;-1.000000
4.385528;0.116039;6.017766;1.000000
4.423278;0.812131;6.773601;-1.000000
5.144740;0.712471;6.048438;1.000000
5.059477;0.025958;6.750062;-1.000000
4.428759;0.122893;7.471302;1.000000
4.512959;0.840289;8.352619;-1.000000
5.271583;0.869072;7.453155;1.000000
5.190617;0.119733;8.270880;-1.000000
4.490029;0.006896;9.018171;1.000000
4.478102;0.908106;9.732306;-1.000000
5.291449;0.903638;9.051060;1.000000
5.147010;0.102608;9.737762;-1.000000
4.447140;0.135849;10.415058;1.000000
4.542539;0.798985;11.178815;-1.000000
5.296908;0.777583;10.440387;1.000000
5.203167;0.072079;11.227851;-1.000000
4.428005;1.631243;11.926561;1.000000
4.490585;2.347343;0.612247;-1.000000
5.256411;2.305504;0.008520;1.000000
5.234891;1.617967;0.819190;-1.000000
4.428521;1.526955;1.395045;1.000000
4.411367;2.328448;2.221992;-1.000000
5.146890;2.408123;1.399871;1.000000
5.173611;1.569034;2.196077;-1.000000
4.544725;1.692267;3.018864;1.000000
4.669172;2.352114;3.821401;-1.000000
5.258055;2.331700;2.950088;1.000000
5.309065;1.449464;3.773436;-1.000000
4.549055;1.590809;4.488716;1.000000
4.530445;2.238124;5.291061;-1.000000
5.293561;2.238899;4.600192;1.000000
5.255973;1.469084;5.289789;-1.000000
4.490196;1.520468;6.055885;1.000000
4.487211;2.229339;6.728206;-1.000000
5.181099;2.247464;5.992227;1.000000
5.252119;1.579219;6.696615;-1.000000
4.437739;1.523656;7.584607;1.000000
4.388154;2.350999;8.297066;-1.000000
5.232523;2.279259;7.514334;1.000000
5.195038;1.538834;8.323681;-1.000000
4.482535;1.597446;9.036850;1.000000
4.442956;2.415585;9.769410;-1.000000
5.218554;2.344520;8.939382;1.000000
5.198234;1.702486;9.780688;-1.000000
4.483930;1.544665;10.477146;1.000000
4.447948;2.323403;11.208963;-1.000000
5.218073;2.365073;10.550349;1.000000
5.192548;1.527211;11.179511;-1.000000
4.417440;3.035522;11.912963;1.000000
4.508812;3.818803;0.771248;-1.000000
5.193997;3.783795;0.000744;1.000000
5.167555;3.111685;0.673858;-1.000000
4.419326;3.054890;1.645739;1.000000
4.632996;3.790067;2.313041;-1.000000
5.183611;3.682404;1.489248;1.000000
5.250578;2.962621;2.225390;-1.000000
4.527299;3.059308;3.033464;1.000000
4.543015;3.794772;3.783341;-1.000000
5.286347;3.889937;3.041982;1.000000
5.305285;3.100084;3.806376;-1.000000
4.603003;3.030844;4.568338;1.000000
4.564227;3.796878;5.332626;-1.000000
5.258877;3.837970;4.546233;1.000000
5.298062;2.940587;5.310469;-1.000000
4.492699;2.986005;5.980504;1.000000
4.471463;3.789089;6.735700;-1.000000
5.202362;3.776807;6.051502;1.000000
5.188874;3.064415;6.781290;-1.000000
4.555503;3.030865;7.534415;1.000000
4.510918;3.852030;8.234212;-1.000000
5.301916;3.869119;7.412316;1.000000
5.290961;3.107088;8.208781;-1.000000
4.424400;3.061725;8.917407;1.000000
4.467752;3.823525;9.725684;-1.000000
5.184343;3.755354;9.025349;1.000000
5.232220;2.996547;9.798320;-1.000000
4.402095;3.087104;10.521743;1.000000
4.463095;3.843216;11.215461;-1.000000
5.112211;3.844985;10.431187;1.000000
5.246191;3.065923;11.283811;-1.000000
4.486238;4.653465;0.001885;1.000000
4.477427;5.274407;0.788320;-1.000000
5.262937;5.301868;0.085489;1.000000
5.195873;4.547207;0.771921;-1.000000
4.556259;4.544347;1.566206;1.000000
4.440802;5.359995;2.246387;-1.000000
5.214294;5.249519;1.506030;1.000000
5.328967;4.566022;2.229502;-1.000000
4.502296;4.589342;3.042825;1.000000
4.535483;5.266957;3.787232;-1.000000
5.259236;5.349297;2.991817;1.000000
5.280726;4.666961;3.727978;-1.000000
4.480658;4.556363;4.530552;1.000000
4.401058;5.330835;5.375069;-1.000000
5.280971;5.169621;4.542998;1.000000
5.242069;4.523649;5.262406;-1.000000
4.489836;4.530698;6.029664;1.000000
4.501742;5.327858;6.829862;-1.000000
5.251659;5.231812;5.964958;1.000000
5.216991;4.517670;6.712808;-1.000000
4.531791;4.661814;7.536008;1.000000
4.432733;5.423747;8.239733;-1.000000
5.264580;5.310081;7.540860;1.000000
5.194215;4.563049;8.245018;-1.000000
4.466699;4.567816;9.043956;1.000000
4.436207;5.336293;9.798880;-1.000000
5.253254;5.301763;8.968565;1.000000
5.168702;4.584276;9.783703;-1.000000
4.400628;4.576078;10.522791;1.000000
4.530456;5.348644;11.283396;-1.000000
5.275027;5.297962;10.477896;1.000000
5.260412;4.546771;11.283896;-1.000000
4.537315;6.028914;0.040204;1.000000
4.589018;6.774437;0.679836;-1.000000
5.230105;6.765977;11.891662;1.000000
5.219114;6.030290;0.804236;-1.000000
4.459247;6.114171;1.498875;1.000000
4.582010;6.801834;2.269584;-1.000000
5.216574;6.839391;1.486351;1.000000
5.251897;6.062018;2.329174;-1.000000
4.524872;6.058195;3.132479;1.000000
4.474554;6.907892;3.729815;-1.000000
5.238545;6.813622;3.055056;1.000000
5.254596;6.048694;3.775571;-1.000000
4.492885;5.995862;4.603061;1.000000
4.522155;6.708680;5.352415;-1.000000
5.150551;6.864742;4.515037;1.000000
5.225476;5.953395;5.268831;-1.000000
4.526791;5.962396;6.068992;1.000000
4.538392;6.805267;6.784857;-1.000000
5.235854;6.724635;6.036678;1.000000
5.304188;5.979358;6.738926;-1.000000
4.459315;6.091459;7.484427;1.000000
4.431323;6.844046;8.289126;-1.000000
5.230199;6.692410;7.464689;1.000000
5.245923;5.996641;8.228375;-1.000000
4.471355;6.058538;9.026342;1.000000
4.476277;6.816394;9.709324;-1.000000
5.272348;6.918496;9.006450;1.000000
5.241961;5.996609;9.750383;-1.000000
4.499325;6.076540;10.498821;1.000000
4.477815;6.679603;11.252380;-1.000000
5.251897;6.707240;10.486058;1.000000
5.380993;5.953535;11.225366;-1.000000
4.532446;7.493556;0.037794;1.000000
4.506454;8.212792;0.791501;-1.000000
5.249477;8.241770;11.946469;1.000000
5.306400;7.533152;0.790702;-1.000000
4.516609;7.574721;1.599816;1.000000
4.525089;8.207691;2.316875;-1.000000
5.277147;8.298026;1.522300;1.000000
5.298817;7.463167;2.255979;-1.000000
4.555626;7.618508;3.074986;1.000000
4.428020;8.357068;3.787809;-1.000000
5.334450;8.325695;3.065678;1.000000
5.229043;7.659016;3.774322;-1.000000
4.455928;7.581841;4.521769;1.000000
4.423385;8.295001;5.232778;-1.000000
5.174803;8.272119;4.570385;1.000000
5.211069;7.511684;5.312994;-1.000000
4.446586;7.614551;5.910470;1.000000
4.548789;8.249970;6.766595;-1.000000
5.272761;8.381309;5.933363;1.000000
5.332056;7.471535;6.813855;-1.000000
4.490332;7.555556;7.465225;1.000000
4.514881;8.293916;8.252381;-1.000000
5.271358;8.236368;7.500334;1.000000
5.218648;7.474409;8.211729;-1.000000
4.476680;7.605718;9.024505;1.000000
4.572270;8.291034;9.729433;-1.000000
5.255281;8.189277;8.975501;1.000000
5.269521;7.533856;9.844057;-1.000000
4.481382;7.532033;10.445150;1.000000
4.549447;8.252391;11.264577;-1.000000
5.264332;8.336802;10.493951;1.000000
5.236696;7.541878;11.198909;-1.000000
4.502740;9.030337;0.021861;1.000000
4.496790;9.812100;0.777604;-1.000000
5.335432;9.818109;0.088241;1.000000
5.210022;9.056471;0.734703;-1.000000
4.567304;9.023951;1.547131;1.000000
4.507330;9.681360;2.352993;-1.000000
5.262677;9.769863;1.556171;1.000000
5.188549;8.958788;2.301106;-1.000000
4.484806;8.984045;3.012489;1.000000
4.425766;9.713342;3.713735;-1.000000
5.346258;9.735484;3.008786;1.000000
5.260862;8.963461;3.713002;-1.000000
4.477205;9.052527;4.478465;1.000000
4.490912;9.800207;5.198499;-1.000000
5.296386;9.824624;4.456929;1.000000
5.168517;9.042439;5.205824;-1.000000
4.494507;9.038198;6.027741;1.000000
4.446928;9.783241;6.662194;-1.000000
5.165738;9.791850;6.024353;1.000000
5.290749;9.080562;6.654566;-1.000000
4.558359;9.079216;7.457898;1.000000
4.510825;9.765186;8.219845;-1.000000
5.219047;9.784160;7.423419;1.000000
5.386952;9.053139;8.167160;-1.000000
4.596994;8.949592;8.951730;1.000000
4.471890;9.798821;9.736622;-1.000000
5.186318;9.768208;9.040173;1.000000
5.197515;9.068174;9.742383;-1.000000
4.553064;9.031193;10.429422;1.000000
4.505812;9.735871;11.219701;-1.000000
5.272175;9.771360;10.448245;1.000000
5.216936;9.019123;11.318696;-1.000000
4.611346;10.522893;0.091839;1.000000
4.620823;11.270041;0.813150;-1.000000
5.268629;11.342771;0.080894;1.000000
5.335747;10.517264;0.767376;-1.000000
4.570304;10.567655;1.565938;1.000000
4.559444;11.312606;2.280869;-1.000000
5.323220;11.346060;1.588747;1.000000
5.242636;10.525282;2.326074;-1.000000
4.499975;10.534065;3.075212;1.000000
4.411649;11.315513;3.731011;-1.000000
5.239288;11.340884;3.081269;1.000000
5.268875;10.497250;3.714447;-1.000000
4.535790;10.505238;4.414587;1.000000
4.573725;11.332954;5.218527;-1.000000
5.190887;11.360463;4.508189;1.000000
5.164289;10.491111;5.306910;-1.000000
4.470797;10.573233;5.958727;1.000000
4.342792;11.309963;6.727279;-1.000000
5.133839;11.328047;6.025306;1.000000
5.183122;10.523499;6.659817;-1.000000
4.451268;10.484199;7.449766;1.000000
4.397284;11.246097;8.214855;-1.000000
5.105865;11.257422;7.480328;1.000000
5.196620;10.542985;8.193821;-1.000000
4.454215;10.594926;8.966165;1.000000
4.533525;11.248171;9.782881;-1.000000
5.186640;11.287787;9.040905;1.000000
5.252715;10.472939;9.762040;-1.000000
4.501787;10.475324;10.487665;1.000000
4.552526;11.258127;11.155062;-1.000000
5.305464;11.216509;10.469792;1.000000
5.287409;10.523849;11.306695;-1.000000
5.954017;0.095665;0.014189;1.000000
5.920391;0.808976;0.695974;-1.000000
6.720183;0.834820;11.922635;1.000000
6.743627;0.111665;0.830300;-1.000000
6.005333;0.157211;1.508575;1.000000
5.961383;0.816031;2.377758;-1.000000
6.821883;0.857779;1.528950;1.000000
6.719033;0.111160;2.263762;-1.000000
6.041671;0.052021;2.988167;1.000000
5.962352;0.727436;3.744511;-1.000000
6.711102;0.814831;2.995405;1.000000
6.728563;0.024274;3.800186;-1.000000
6.014158;11.929897;4.500154;1.000000
6.034608;0.728333;5.241965;-1.000000
6.754245;0.800393;4.463204;1.000000
6.667594;0.103286;5.270222;-1.000000
5.915417;11.913892;6.051933;1.000000
5.963624;0.781079;6.748599;-1.000000
6.722439;0.840009;6.026963;1.000000
6.706099;0.055516;6.753852;-1.000000
5.790929;0.025303;7.503202;1.000000
5.943322;0.850429;8.296507;-1.000000
6.643999;0.812747;7.582117;1.000000
6.694948;0.036067;8.204851;-1.000000
5.924451;0.121546;8.972067;1.000000
5.967248;0.797615;9.780150;-1.000000
6.730023;0.712412;8.941489;1.000000
6.683967;0.085580;9.736896;-1.000000
5.987061;0.083748;10.472560;1.000000
5.950085;0.899927;11.245798;-1.000000
6.682631;0.830278;10.504658;1.000000
6.725943;0.111187;11.216890;-1.000000
5.961719;1.618196;0.005025;1.000000
6.027547;2.216122;0.767680;-1.000000
6.761086;2.286518;0.001480;1.000000
6.794960;1.518199;0.770623;-1.000000
6.040093;1.516951;1.505628;1.000000
5.944999;2.202233;2.231571;-1.000000
6.688572;2.338206;1.508387;1.000000
6.697878;1.550254;2.252948;-1.000000
5.958429;1.529219;3.013385;1.000000
5.936342;2.296571;3.727461;-1.000000
6.631552;2.265579;2.926409;1.000000
6.681850;1.510864;3.682468;-1.000000
5.989515;1.534275;4.512348;1.000000
6.030278;2.257024;5.357171;-1.000000
6.712387;2.282440;4.512804;1.000000
6.692782;1.528924;5.256252;-1.000000
5.969771;1.536228;6.046688;1.000000
5.919214;2.306146;6.717920;-1.000000
6.728736;2.280976;6.005486;1.000000
6.671577;1.611396;6.842338;-1.000000
5.947702;1.588844;7.503882;1.000000
5.967811;2.271023;8.207229;-1.000000
6.770335;2.339581;7.566820;1.000000
6.710805;1.566238;8.265318;-1.000000
5.968775;1.577057;8.979771;1.000000
6.049972;2.353878;9.762676;-1.000000
6.727260;2.345271;8.945707;1.000000
6.669999;1.554742;9.720763;-1.000000
5.959341;1.567937;10.493891;1.000000
5.917864;2.297037;11.163564;-1.000000
6.734165;2.349289;10.493667;1.000000
6.691699;1.587863;11.216088;-1.000000
5.964339;2.991874;11.948270;1.000000
5.945241;3.787968;0.714421;-1.000000
6.706844;3.716081;0.005043;1.000000
6.776812;3.026960;0.682054;-1.000000
5.960268;2.994488;1.502478;1.000000
6.041274;3.682371;2.283929;-1.000000
6.664612;3.690908;1.419809;1.000000
6.802100;3.018253;2.232979;-1.000000
5.965529;3.014015;3.050398;1.000000
6.006580;3.788047;3.841554;-1.000000
6.713314;3.741800;3.094044;1.000000
6.713309;3.020373;3.797757;-1.000000
5.952837;2.951408;4.540639;1.000000
5.939544;3.785101;5.222979;-1.000000
6.753105;3.740088;4.439112;1.000000
6.679957;3.012778;5.214967;-1.000000
5.954076;3.066541;6.023585;1.000000
6.015951;3.803841;6.732891;-1.000000
6.697633;3.773266;5.914562;1.000000
6.735278;3.017993;6.639548;-1.000000
5.987126;3.037075;7.475159;1.000000
5.987709;3.884435;8.154404;-1.000000
6.727264;3.768772;7.522455;1.000000
6.694969;3.072742;8.245265;-1.000000
5.982995;3.036223;9.027998;1.000000
5.932558;3.809686;9.832118;-1.000000
6.702538;3.780575;8.994192;1.000000
6.740418;3.060725;9.704666;-1.000000
5.948760;3.096017;10.472242;1.000000
5.966426;3.785478;11.141917;-1.000000
6.753883;3.741260;10.468979;1.000000
6.694337;3.029723;11.199184;-1.000000
5.971798;4.461612;0.020175;1.000000
6.033422;5.169161;0.769743;-1.000000
6.730064;5.297041;0.038809;1.000000
6.808177;4.467649;0.703176;-1.000000
5.991157;4.432045;1.485588;1.000000
6.118045;5.337113;2.326777;-1.000000
6.744070;5.238116;1.506240;1.000000
6.660761;4.457563;2.272999;-1.000000
6.021233;4.517246;3.053397;1.000000
6.011169;5.322779;3.785693;-1.000000
6.748486;5.323302;3.122785;1.000000
6.732025;4.532035;3.785313;-1.000000
6.000680;4.530791;4.459344;1.000000
5.944961;5.214934;5.300556;-1.000000
6.753540;5.300910;4.585276;1.000000
6.793877;4.478901;5.287239;-1.000000
5.971144;4.520793;5.960471;1.000000
5.942684;5.275938;6.694460;-1.000000
6.689819;5.308358;5.934444;1.000000
6.731503;4.601433;6.731584;-1.000000
5.957208;4.574783;7.407291;1.000000
5.990120;5.254314;8.237567;-1.000000
6.756105;5.313482;7.480760;1.000000
6.731626;4.533717;8.329234;-1.000000
5.907235;4.453833;9.037882;1.000000
5.967610;5.235955;9.785985;-1.000000
6.694010;5.259891;8.979296;1.000000
6.632646;4.496465;9.733503;-1.000000
5.986047;4.528784;10.564621;1.000000
6.042842;5.287624;11.278818;-1.000000
6.732294;5.298379;10.471280;1.000000
6.740487;4.598963;11.279377;-1.000000
5.963587;5.967803;0.081589;1.000000
6.046585;6.760558;0.677721;-1.000000
6.776389;6.776096;11.897849;1.000000
6.760204;5.993533;0.777332;-1.000000
6.019882;5.949149;1.480109;1.000000
5.958781;6.709167;2.239497;-1.000000
6.770206;6.838750;1.557959;1.000000
6.793778;6.094617;2.204907;-1.000000
6.010522;6.105437;3.039583;1.000000
6.101579;6.837987;3.761427;-1.000000
6.769619;6.838048;2.921298;1.000000
6.690181;6.096507;3.839026;-1.000000
5.905471;5.935363;4.530846;1.000000
5.967079;6.839567;5.127794;-1.000000
6.830306;6.749937;4.539701;1.000000
6.704753;6.089978;5.233321;-1.000000
6.019775;6.051416;5.967886;1.000000
6.030927;6.777346;6.689420;-1.000000
6.728132;6.793275;5.915142;1.000000
6.753941;5.993338;6.712207;-1.000000
6.064980;6.019722;7.473543;1.000000
5.938729;6.859369;8.207114;-1.000000
6.638402;6.859135;7.456493;1.000000
6.665170;6.026670;8.280315;-1.000000
5.918664;6.148282;8.954764;1.000000
5.946744;6.709127;9.769458;-1.000000
6.716835;6.862167;9.030944;1.000000
6.730341;5.939160;9.688833;-1.000000
6.032432;5.955081;10.500503;1.000000
6.060033;6.727212;11.223099;-1.000000
6.693658;6.762051;10.433184;1.000000
6.716015;6.009020;11.217198;-1.000000
5.937562;7.543459;0.002801;1.000000
5.900751;8.327888;0.720331;-1.000000
6.644667;8.247853;0.015321;1.000000
6.785708;7.520341;0.731389;-1.000000
6.039582;7.566334;1.477978;1.000000
5.998656;8.299906;2.156340;-1.000000
6.681212;8.364843;1.445519;1.000000
6.797493;7.577908;2.131164;-1.000000
6.056108;7.561141;2.936128;1.000000
6.023181;8.302497;3.758127;-1.000000
6.755481;8.274938;3.037889;1.000000
6.792325;7.550384;3.738486;-1.000000
6.011372;7.521494;4.491306;1.000000
5.959744;8.245425;5.234569;-1.000000
6.795315;8.231270;4.494778;1.000000
6.731437;7.547502;5.251736;-1.000000
5.969287;7.545995;5.967763;1.000000
5.955622;8.264217;6.673982;-1.000000
6.662326;8.279114;5.984008;1.000000
6.679201;7.473642;6.737460;-1.000000
6.075393;7.623623;7.515325;1.000000
5.958049;8.226327;8.243395;-1.000000
6.853611;8.355288;7.391416;1.000000
6.728685;7.605289;8.244616;-1.000000
5.974536;7.538806;9.031506;1.000000
5.901679;8.372490;9.719920;-1.000000
6.735672;8.330978;8.973607;1.000000
6.674920;7.604560;9.733148;-1.000000
6.013478;7.601491;10.497359;1.000000
6.037093;8.250722;11.231163;-1.000000
6.737978;8.336465;10.425908;1.000000
6.719802;7.499452;11.253151;-1.000000
6.007166;9.082684;0.007837;1.000000
6.054743;9.730717;0.847280;-1.000000
6.770285;9.781966;11.917938;1.000000
6.757529;9.046240;0.755574;-1.000000
5.969498;9.056579;1.506414;1.000000
5.983098;9.768024;2.265698;-1.000000
6.726603;9.806403;1.499474;1.000000
6.763549;9.106948;2.345125;-1.000000
6.028202;9.051395;2.987125;1.000000
6.010451;9.750070;3.738435;-1.000000
6.746030;9.837332;3.123850;1.000000
6.700675;8.996732;3.778826;-1.000000
5.937787;9.058979;4.475318;1.000000
5.975487;9.739184;5.215302;-1.000000
6.748294;9.738378;4.546221;1.000000
6.775102;9.077022;5.262505;-1.000000
5.991300;9.106148;5.958570;1.000000
6.057428;9.781741;6.790352;-1.000000
6.745627;9.780051;5.983803;1.000000
6.811969;9.104665;6.674535;-1.000000
6.058705;9.015838;7.440183;1.000000
5.892128;9.874912;8.221917;-1.000000
6.748109;9.768812;7.537350;1.000000
6.760377;8.908234;8.199492;-1.000000
5.903878;9.064382;8.969398;1.000000
6.039412;9.799800;9.675622;-1.000000
6.696414;9.824087;8.918189;1.000000
6.724809;9.076465;9.719276;-1.000000
6.007801;9.082215;10.504729;1.000000
6.032577;9.802648;11.281427;-1.000000
6.774066;9.822340;10.449396;1.000000
6.737032;8.985532;11.158502;-1.000000
6.036808;10.512598;11.941979;1.000000
5.949066;11.295468;0.848744;-1.000000
6.712191;11.325588;0.121604;1.000000
6.754144;10.436947;0.719525;-1.000000
6.040119;10.548444;1.573804;1.000000
5.986938;11.230690;2.337399;-1.000000
6.723364;11.293117;1.491507;1.000000
6.784620;10.537809;2.224000;-1.000000
6.068333;10.511503;3.016491;1.000000
5.983390;11.305453;3.718923;-1.000000
6.780381;11.229916;3.036288;1.000000
6.750943;10.494501;3.851934;-1.000000
5.958069;10.574368;4.567277;1.000000
5.947080;11.226309;5.258465;-1.000000
6.709376;11.285289;4.539058;1.000000
6.750572;10.614353;5.267575;-1.000000
5.927337;10.553666;5.951025;1.000000
5.858049;11.255335;6.707549;-1.000000
6.656644;11.242706;5.931983;1.000000
6.649025;10.585986;6.650077;-1.000000
5.957727;10.581532;7.460613;1.000000
5.919547;11.258178;8.258558;-1.000000
6.655076;11.244036;7.471391;1.000000
6.639313;10.508095;8.197472;-1.000000
5.979339;10.570884;9.018127;1.000000
6.012183;11.281131;9.753233;-1.000000
6.711890;11.253076;8.963986;1.000000
6.778337;10.496573;9.707520;-1.000000
6.073005;10.516121;10.421550;1.000000
5.995844;11.295744;11.230696;-1.000000
6.742878;11.251975;10.455044;1.000000
6.770437;10.597780;11.257615;-1.000000
7.477118;0.044560;0.036495;1.000000
7.580613;0.857905;0.749206;-1.000000
8.208956;0.856381;11.888861;1.000000
8.300988;0.069444;0.812352;-1.000000
7.519723;0.090558;1.513985;1.000000
7.523453;0.795210;2.244108;-1.000000
8.257212;0.806767;1.521132;1.000000
8.188490;0.067682;2.306093;-1.000000
7.478230;0.087351;2.986999;1.000000
7.467863;0.869382;3.755914;-1.000000
8.252653;0.880626;3.002370;1.000000
8.206334;0.179944;3.708607;-1.000000
7.503147;0.091592;4.435353;1.000000
7.468639;0.777399;5.208989;-1.000000
8.240252;0.835018;4.587007;1.000000
8.148596;0.101605;5.211652;-1.000000
7.415600;0.033711;6.008620;1.000000
7.503739;0.800950;6.831856;-1.000000
8.136675;0.707547;5.917915;1.000000
8.223120;0.104752;6.857073;-1.000000
7.477787;0.108016;7.561045;1.000000
7.382714;0.888895;8.289462;-1.000000
8.327458;0.841302;7.425912;1.000000
8.299822;0.183102;8.188290;-1.000000
7.467668;0.099484;9.021838;1.000000
7.449695;0.828047;9.709659;-1.000000
8.260845;0.737067;9.042195;1.000000
8.183642;0.097061;9.754830;-1.000000
7.506302;0.111223;10.465046;1.000000
7.442223;0.778862;11.140719;-1.000000
8.263605;0.792938;10.420286;1.000000
8.203831;0.150155;11.220471;-1.000000
7.528793;1.534270;11.842657;1.000000
7.397314;2.321122;0.707337;-1.000000
8.246111;2.333820;11.883371;1.000000
8.247377;1.606133;0.684168;-1.000000
7.476296;1.586005;1.466603;1.000000
7.389319;2.273566;2.253565;-1.000000
8.301304;2.292079;1.424915;1.000000
8.186601;1.535729;2.213814;-1.000000
7.417846;1.551388;3.038321;1.000000
7.390653;2.286179;3.783646;-1.000000
8.182997;2.298202;2.998524;1.000000
8.186868;1.505737;3.829720;-1.000000
7.427912;1.568625;4.501674;1.000000
7.502818;2.291778;5.237807;-1.000000
8.286696;2.215066;4.508911;1.000000
8.218849;1.559101;5.279471;-1.000000
7.431952;1.521440;6.042732;1.000000
7.386318;2.297177;6.745262;-1.000000
8.248466;2.360699;6.047779;1.000000
8.281736;1.587888;6.782724;-1.000000
7.465249;1.534049;7.461221;1.000000
7.514205;2.425583;8.255343;-1.000000
8.202450;2.339636;7.440334;1.000000
8.196636;1.614191;8.217030;-1.000000
7.404931;1.562878;9.001606;1.000000
7.528516;2.299873;9.594643;-1.000000
8.255677;2.376176;8.940877;1.000000
8.193181;1.586414;9.690734;-1.000000
7.449283;1.529395;10.454900;1.000000
7.560602;2.273984;11.177356;-1.000000
8.164046;2.402600;10.439499;1.000000
8.242502;1.600062;11.170850;-1.000000
7.486820;2.987122;11.887807;1.000000
7.521765;3.723434;0.737620;-1.000000
8.188192;3.757216;0.031179;1.000000
8.127446;2.985783;0.806103;-1.000000
7.451349;3.011040;1.476049;1.000000
7.478805;3.808178;2.231785;-1.000000
8.141311;3.734498;1.490480;1.000000
8.120565;2.987227;2.158278;-1.000000
7.427429;3.078544;2.971121;1.000000
7.563175;3.852377;3.807397;-1.000000
8.168657;3.785882;3.043749;1.000000
8.158534;3.057044;3.760184;-1.000000
7.495756;2.986879;4.556761;1.000000
7.570596;3.873133;5.239754;-1.000000
8.217588;3.799524;4.507972;1.000000
8.265295;3.072719;5.217926;-1.000000
7.459680;3.055502;5.978684;1.000000
7.432662;3.793687;6.664370;-1.000000
8.225152;3.882063;5.966844;1.000000
8.222816;3.113063;6.705498;-1.000000
7.475083;3.053309;7.443054;1.000000
7.458920;3.767264;8.204370;-1.000000
8.202577;3.847833;7.538307;1.000000
8.230812;3.065175;8.214799;-1.000000
7.431467;3.104602;8.992072;1.000000
7.533309;3.831939;9.691914;-1.000000
8.260723;3.763563;8.949461;1.000000
8.287276;3.073008;9.749959;-1.000000
7.458138;3.104665;10.533196;1.000000
7.531814;3.872275;11.234910;-1.000000
8.188485;3.815139;10.455339;1.000000
8.291056;3.142715;11.222728;-1.000000
7.505797;4.532536;11.941196;1.000000
7.512342;5.258046;0.789061;-1.000000
8.256640;5.292930;0.033387;1.000000
8.175694;4.518298;0.814772;-1.000000
7.500794;4.516760;1.510383;1.000000
7.410699;5.360835;2.220992;-1.000000
8.163101;5.304155;1.590096;1.000000
8.244367;4.493242;2.306304;-1.000000
7.401020;4.474299;3.005643;1.000000
7.454721;5.347507;3.789902;-1.000000
8.153070;5.265165;3.045610;1.000000
8.200559;4.617408;3.830989;-1.000000
7.466203;4.597058;4.520790;1.000000
7.521021;5.271908;5.242040;-1.000000
8.290055;5.338195;4.516517;1.000000
8.327527;4.592253;5.228430;-1.000000
7.473657;4.573735;6.040363;1.000000
7.475478;5.327473;6.734300;-1.000000
8.257263;5.263369;5.995884;1.000000
8.181958;4.556622;6.838545;-1.000000
7.423137;4.567962;7.458835;1.000000
7.483854;5.259472;8.254897;-1.000000
8.154610;5.335630;7.483061;1.000000
8.246663;4.577779;8.204961;-1.000000
7.558109;4.502969;8.940759;1.000000
7.406235;5.220399;9.711361;-1.000000
8.234594;5.335845;8.973493;1.000000
8.250221;4.594398;9.707659;-1.000000
7.479750;4.553807;10.465956;1.000000
7.484669;5.282751;11.201425;-1.000000
8.311718;5.316499;10.489263;1.000000
8.253560;4.525588;11.199508;-1.000000
7.403498;6.011138;0.061823;1.000000
7.486950;6.828402;0.723489;-1.000000
8.214871;6.752757;0.027313;1.000000
8.278504;6.039841;0.653755;-1.000000
7.546036;6.078316;1.368840;1.000000
7.525759;6.787857;2.179126;-1.000000
8.272109;6.824771;1.500980;1.000000
8.246401;6.118711;2.226227;-1.000000
7.430996;6.007113;3.079761;1.000000
7.466080;6.757585;3.680072;-1.000000
8.323836;6.833452;2.966647;1.000000
8.151893;6.025841;3.754426;-1.000000
7.525817;6.002409;4.502454;1.000000
7.558906;6.802428;5.256566;-1.000000
8.207307;6.819667;4.502013;1.000000
8.195927;6.023665;5.236631;-1.000000
7.450356;6.059078;5.936259;1.000000
7.570248;6.738840;6.650293;-1.000000
8.293740;6.786676;5.998842;1.000000
8.195131;5.997678;6.714400;-1.000000
7.446667;6.082142;7.530322;1.000000
7.373001;6.770566;8.223328;-1.000000
8.183149;6.781239;7.436084;1.000000
8.233389;6.060973;8.219980;-1.000000
7.448428;6.023148;8.953937;1.000000
7.403963;6.831985;9.809211;-1.000000
8.154038;6.783295;9.020314;1.000000
8.103255;6.046048;9.712106;-1.000000
7.435164;6.104681;10.512136;1.000000
7.491735;6.819161;11.262546;-1.000000
8.132289;6.843437;10.535954;1.000000
8.201888;6.019882;11.234544;-1.000000
7.460523;7.562114;0.020865;1.000000
7.588566;8.266169;0.798518;-1.000000
8.286088;8.274363;11.923480;1.000000
8.306213;7.550323;0.772446;-1.000000
7.459083;7.582779;1.434932;1.000000
7.408055;8.380272;2.256617;-1.000000
8.254932;8.426611;1.519652;1.000000
8.168292;7.603362;2.150366;-1.000000
7.556893;7.577440;2.960424;1.000000
7.441903;8.338836;3.817872;-1.000000
8.213605;8.319026;3.059060;1.000000
8.174260;7.620294;3.745422;-1.000000
7.476022;7.564330;4.459044;1.000000
7.452796;8.276147;5.250351;-1.000000
8.228070;8.270333;4.474775;1.000000
8.177701;7.620859;5.333252;-1.000000
7.413047;7.569859;6.005938;1.000000
7.465933;8.262839;6.661286;-1.000000
8.263177;8.349307;6.016363;1.000000
8.207557;7.530947;6.646767;-1.000000
7.451281;7.522812;7.479904;1.000000
7.492711;8.220784;8.257033;-1.000000
8.163496;8.227364;7.356944;1.000000
8.222866;7.528228;8.225864;-1.000000
7.487920;7.550152;9.006790;1.000000
7.444999;8.274156;9.666255;-1.000000
8.223003;8.265611;8.992847;1.000000
8.222171;7.569507;9.782199;-1.000000
7.456599;7.599230;10.500862;1.000000
7.483987;8.288334;11.216535;-1.000000
8.154279;8.279268;10.413562;1.000000
8.214504;7.608458;11.177524;-1.000000
7.420329;8.961629;11.908427;1.000000
7.457206;9.773504;0.734228;-1.000000
8.210606;9.817440;0.022122;1.000000
8.242355;9.083348;0.683736;-1.000000
7.457597;9.061423;1.524283;1.000000
7.446719;9.756231;2.389384;-1.000000
8.210459;9.795719;1.439503;1.000000
8.234839;9.098825;2.244945;-1.000000
7.438636;9.015889;3.036988;1.000000
7.507352;9.773905;3.840476;-1.000000
8.262675;9.766058;3.045070;1.000000
8.224766;9.039525;3.820858;-1.000000
7.444998;9.069939;4.498594;1.000000
7.552626;9.887153;5.337634;-1.000000
8.219466;9.780409;4.525213;1.000000
8.190517;8.951668;5.196173;-1.000000
7.512616;9.040263;5.944242;1.000000
7.474122;9.853595;6.744729;-1.000000
8.192989;9.840307;6.068236;1.000000
8.208479;9.058519;6.812171;-1.000000
7.487636;9.070257;7.442296;1.000000
7.503491;9.841893;8.239205;-1.000000
8.262687;9.813185;7.519757;1.000000
8.166464;8.887543;8.174569;-1.000000
7.418610;9.040362;8.942139;1.000000
7.513787;9.807552;9.555791;-1.000000
8.304007;9.695398;8.800769;1.000000
8.216359;9.131701;9.681289;-1.000000
7.478804;9.039982;10.514877;1.000000
7.476559;9.769310;11.167868;-1.000000
8.226655;9.850533;10.473321;1.000000
8.330574;9.014225;11.268610;-1.000000
7.456840;10.560252;0.011669;1.000000
7.475627;11.316176;0.815178;-1.000000
8.282140;11.390845;0.040138;1.000000
8.248711;10.616194;0.725525;-1.000000
7.455595;10.584831;1.477595;1.000000
7.380033;11.320721;2.301172;-1.000000
8.267903;11.228827;1.541367;1.000000
8.205005;10.519454;2.226104;-1.000000
7.512119;10.483936;3.073261;1.000000
7.497308;11.242468;3.770252;-1.000000
8.132888;11.275757;2.969633;1.000000
8.213040;10.498544;3.779136;-1.000000
7.455146;10.535292;4.547655;1.000000
7.493550;11.358048;5.216042;-1.000000
8.278599;11.249031;4.486052;1.000000
8.198154;10.587096;5.263498;-1.000000
7.446229;10.699887;6.023351;1.000000
7.437786;11.336501;6.855267;-1.000000
8.213150;11.347421;6.013922;1.000000
8.216968;10.622340;6.739268;-1.000000
7.372523;10.562890;7.481599;1.000000
7.456392;11.230900;8.157135;-1.000000
8.271274;11.312474;7.465627;1.000000
8.261883;10.511339;8.224248;-1.000000
7.442154;10.588504;8.941427;1.000000
7.417642;11.333066;9.710887;-1.000000
8.150248;11.287404;8.959997;1.000000
8.271926;10.504238;9.654959;-1.000000
7.505606;10.574134;10.524217;1.000000
7.459018;11.348668;11.276317;-1.000000
8.221895;11.341772;10.511161;1.000000
8.233968;10.630148;11.279887;-1.000000
9.083431;0.134227;0.008459;1.000000
9.035385;0.789018;0.728771;-1.000000
9.794392;0.920634;11.939074;1.000000
9.818521;0.087792;0.792372;-1.000000
8.892993;0.084093;1.622933;1.000000
9.000763;0.857452;2.290070;-1.000000
9.731284;0.743464;1.646703;1.000000
9.728249;0.109464;2.315168;-1.000000
9.031098;0.065143;3.054664;1.000000
8.948083;0.794452;3.846440;-1.000000
9.770313;0.818033;3.051233;1.000000
9.758356;0.043011;3.770048;-1.000000
8.950779;0.106927;4.495617;1.000000
8.990768;0.827817;5.244333;-1.000000
9.723525;0.743188;4.482113;1.000000
9.711519;0.002123;5.137241;-1.000000
9.008460;0.076745;5.968710;1.000000
8.953058;0.814846;6.638193;-1.000000
9.795524;0.778920;5.910096;1.000000
9.726531;0.002243;6.642797;-1.000000
9.005485;0.099810;7.512485;1.000000
8.941711;0.888987;8.379996;-1.000000
9.748271;0.777935;7.504354;1.000000
9.644198;0.070475;8.242937;-1.000000
8.984022;11.859447;8.973804;1.000000
8.994737;0.757274;9.671068;-1.000000
9.817216;0.832895;9.105609;1.000000
9.690473;0.071911;9.665017;-1.000000
8.969566;0.093536;10.401849;1.000000
8.976586;0.878643;11.237023;-1.000000
9.611751;0.809843;10.456179;1.000000
9.697056;0.029126;11.145248;-1.000000
8.965717;1.528005;0.055625;1.000000
8.944420;2.397438;0.656604;-1.000000
9.670999;2.244040;11.885654;1.000000
9.660122;1.585658;0.715560;-1.000000
8.972330;1.536351;1.438687;1.000000
8.895490;2.226034;2.249794;-1.000000
9.644699;2.345834;1.561845;1.000000
9.706086;1.525439;2.210527;-1.000000
8.969356;1.523698;3.065159;1.000000
8.916231;2.334949;3.674120;-1.000000
9.748686;2.256507;3.013413;1.000000
9.730918;1.559924;3.731063;-1.000000
9.022199;1.519086;4.573159;1.000000
8.970111;2.325817;5.233764;-1.000000
9.696242;2.354425;4.409566;1.000000
9.706100;1.583530;5.273234;-1.000000
8.967299;1.533198;5.972830;1.000000
8.936294;2.334185;6.827858;-1.000000
9.664648;2.321490;6.084771;1.000000
9.674091;1.596903;6.790120;-1.000000
8.946279;1.587408;7.531301;1.000000
9.014917;2.341308;8.274055;-1.000000
9.689698;2.310724;7.462079;1.000000
9.658157;1.553917;8.315659;-1.000000
8.986179;1.620765;9.085483;1.000000
9.046071;2.356158;9.690037;-1.000000
9.791802;2.320656;9.039481;1.000000
9.722916;1.561059;9.783948;-1.000000
8.850530;1.693191;10.426344;1.000000
8.890676;2.349868;11.166316;-1.000000
9.670348;2.353695;10.520323;1.000000
9.696478;1.594713;11.190342;-1.000000
9.031406;3.056701;11.925974;1.000000
8.977897;3.751515;0.730910;-1.000000
9.700599;3.793277;11.927406;1.000000
9.773862;3.057744;0.731720;-1.000000
8.940140;3.017853;1.393378;1.000000
8.921221;3.762115;2.179564;-1.000000
9.674022;3.821148;1.521024;1.000000
9.683696;2.993880;2.298372;-1.000000
8.892358;3.008452;2.949816;1.000000
8.924056;3.810868;3.697864;-1.000000
9.634599;3.784089;2.929900;1.000000
9.677830;3.052946;3.639557;-1.000000
8.969372;3.128217;4.347212;1.000000
9.042527;3.835727;5.287885;-1.000000
9.687236;3.813918;4.543651;1.000000
9.650659;3.128230;5.248196;-1.000000
8.924459;3.049522;5.995859;1.000000
8.977605;3.835928;6.687488;-1.000000
9.743842;3.850039;6.038627;1.000000
9.645929;3.017176;6.762433;-1.000000
8.976651;3.149733;7.525664;1.000000
8.985600;3.843621;8.205682;-1.000000
9.679036;3.855836;7.512608;1.000000
9.736836;3.096796;8.193954;-1.000000
9.034019;3.095639;9.079878;1.000000
8.915853;3.873558;9.733381;-1.000000
9.743903;3.886797;8.895596;1.000000
9.740878;3.046648;9.743996;-1.000000
8.980422;3.141019;10.388981;1.000000
9.011210;3.828134;11.205930;-1.000000
9.710060;3.814152;10.475691;1.000000
9.666337;3.073031;11.148751;-1.000000
8.950774;4.554190;0.001437;1.000000
8.921277;5.285967;0.791966;-1.000000
9.694912;5.307059;11.933187;1.000000
9.691298;4.541586;0.730959;-1.000000
8.900993;4.526635;1.466159;1.000000
8.874778;5.367128;2.250428;-1.000000
9.673923;5.375477;1.504075;1.000000
9.641298;4.552219;2.283948;-1.000000
8.911760;4.549064;3.003901;1.000000
8.967118;5.312302;3.794556;-1.000000
9.623840;5.237112;2.974014;1.000000
9.706802;4.586066;3.746084;-1.000000
9.032725;4.499166;4.585797;1.000000
8.994555;5.306051;5.247535;-1.000000
9.654005;5.305069;4.525246;1.000000
9.839260;4.653694;5.285651;-1.000000
8.980444;4.586788;5.923298;1.000000
8.972265;5.259320;6.767924;-1.000000
9.735886;5.353213;6.054735;1.000000
9.740814;4.560226;6.802873;-1.000000
8.992251;4.550566;7.480006;1.000000
8.931455;5.315122;8.224212;-1.000000
9.771354;5.382785;7.503044;1.000000
9.726119;4.615937;8.203607;-1.000000
8.908659;4.522640;8.979972;1.000000
8.962873;5.325808;9.759591;-1.000000
9.646351;5.373061;8.936611;1.000000
9.645963;4.582571;9.664724;-1.000000
8.989290;4.564595;10.417315;1.000000
8.952195;5.243048;11.209214;-1.000000
9.732262;5.332080;10.499519;1.000000
9.728576;4.578720;11.157936;-1.000000
9.017073;6.038359;0.033116;1.000000
8.991788;6.814549;0.758857;-1.000000
9.841088;6.826320;0.045180;1.000000
9.707636;6.088047;0.740621;-1.000000
8.901790;6.052295;1.471818;1.000000
8.961783;6.903089;2.280455;-1.000000
9.666511;6.864617;1.506770;1.000000
9.670897;6.068213;2.276388;-1.000000
8.917331;6.086029;3.049195;1.000000
8.935393;6.796467;3.800644;-1.000000
9.657403;6.824840;3.009025;1.000000
9.678986;6.041675;3.782712;-1.000000
8.963191;6.080665;4.618626;1.000000
8.934375;6.891940;5.253785;-1.000000
9.703683;6.823983;4.397159;1.000000
9.693040;6.010063;5.278524;-1.000000
8.953103;5.948783;6.038921;1.000000
8.971331;6.828361;6.691458;-1.000000
9.674915;6.778228;5.957964;1.000000
9.709087;6.127550;6.848825;-1.000000
8.950770;6.123407;7.422298;1.000000
8.903318;6.813363;8.171155;-1.000000
9.695349;6.895459;7.454539;1.000000
9.578671;6.105353;8.213396;-1.000000
8.874078;6.121667;9.035645;1.000000
8.956850;6.840790;9.758188;-1.000000
9.655362;6.810749;8.927243;1.000000
9.692849;6.024675;9.662226;-1.000000
8.887730;6.148671;10.411078;1.000000
8.948111;6.766986;11.221614;-1.000000
9.743655;6.941697;10.463843;1.000000
9.695619;6.104171;11.231555;-1.000000
8.941719;7.535221;0.002071;1.000000
8.948619;8.319994;0.676503;-1.000000
9.714191;8.350556;11.899590;1.000000
9.672892;7.587830;0.777264;-1.000000
8.887783;7.609820;1.561098;1.000000
8.946195;8.466177;2.239204;-1.000000
9.693811;8.287476;1.506185;1.000000
9.710627;7.571312;2.250238;-1.000000
8.901980;7.625798;2.970834;1.000000
8.969301;8.325601;3.817184;-1.000000
9.803893;8.365005;2.927900;1.000000
9.634125;7.611672;3.652122;-1.000000
8.946624;7.499111;4.477054;1.000000
8.961027;8.262107;5.133827;-1.000000
9.780046;8.237300;4.462066;1.000000
9.692331;7.502693;5.227197;-1.000000
8.979525;7.561062;5.993877;1.000000
8.978240;8.301562;6.721252;-1.000000
9.765351;8.322938;5.963191;1.000000
9.732773;7.569298;6.659380;-1.000000
8.934441;7.517057;7.417510;1.000000
8.969883;8.253729;8.184891;-1.000000
9.714957;8.260635;7.416856;1.000000
9.640363;7.504613;8.206889;-1.000000
8.880291;7.518658;8.999000;1.000000
8.946603;8.317803;9.754420;-1.000000
9.642385;8.290813;8.951273;1.000000
9.631681;7.640716;9.742253;-1.000000
8.966214;7.666315;10.514460;1.000000
9.004430;8.285246;11.234072;-1.000000
9.782944;8.366106;10.437247;1.000000
9.690551;7.591968;11.207905;-1.000000
9.017966;9.088206;0.019598;1.000000
8.945363;9.918873;0.745448;-1.000000
9.698859;9.838817;11.874117;1.000000
9.742627;9.045832;0.800414;-1.000000
9.010441;9.085683;1.447420;1.000000
9.043537;9.856228;2.297562;-1.000000
9.701234;9.766219;1.484767;1.000000
9.749939;9.044966;2.221126;-1.000000
8.976589;9.130023;2.999377;1.000000
8.979554;9.793164;3.772628;-1.000000
9.805824;9.838030;2.983776;1.000000
9.701021;9.073657;3.670210;-1.000000
8.924522;9.077170;4.517306;1.000000
8.887433;9.791091;5.315432;-1.000000
9.661478;9.789623;4.530200;1.000000
9.687820;9.082790;5.214116;-1.000000
8.999447;9.034095;5.988755;1.000000
8.888179;9.847093;6.675712;-1.000000
9.705468;9.812592;5.937696;1.000000
9.747007;8.994211;6.659713;-1.000000
9.046612;9.058838;7.458128;1.000000
9.028507;9.720453;8.170473;-1.000000
9.776432;9.742920;7.352188;1.000000
9.778439;9.005441;8.233717;-1.000000
8.952065;8.903760;8.987960;1.000000
8.964061;9.749791;9.728029;-1.000000
9.665091;9.728641;8.983107;1.000000
9.735477;9.013616;9.666635;-1.000000
8.890194;8.985446;10.485372;1.000000
9.001104;9.773438;11.214556;-1.000000
9.659624;9.866286;10.419678;1.000000
9.704746;9.020578;11.203178;-1.000000
8.965164;10.603362;0.036801;1.000000
9.086290;11.347737;0.781664;-1.000000
9.740150;11.350161;11.911734;1.000000
9.749451;10.522512;0.747293;-1.000000
9.056449;10.532393;1.539257;1.000000
8.962259;11.294726;2.270231;-1.000000
9.734563;11.301919;1.566753;1.000000
9.792282;10.543170;2.296023;-1.000000
8.955676;10.580187;3.002924;1.000000
8.935347;11.251614;3.658638;-1.000000
9.698236;11.252697;2.962800;1.000000
9.684632;10.536118;3.707631;-1.000000
8.984939;10.581745;4.503223;1.000000
8.964670;11.360158;5.186215;-1.000000
9.732970;11.226022;4.453860;1.000000
9.709665;10.507112;5.208687;-1.000000
8.912052;10.573759;5.908418;1.000000
8.962115;11.244639;6.719939;-1.000000
9.663476;11.242724;5.901777;1.000000
9.701421;10.591642;6.801376;-1.000000
8.933673;10.547039;7.441184;1.000000
8.998630;11.154628;8.255751;-1.000000
9.633105;11.323027;7.465425;1.000000
9.737793;10.538990;8.125755;-1.000000
8.984474;10.489462;8.941762;1.000000
8.923274;11.265170;9.700856;-1.000000
9.776827;11.309835;8.915009;1.000000
9.620838;10.543177;9.716269;-1.000000
8.934485;10.593542;10.528255;1.000000
8.936327;11.371027;11.178032;-1.000000
9.757179;11.188974;10.448383;1.000000
9.760899;10.602178;11.227202;-1.000000
10.413701;0.112118;0.060490;1.000000
10.451458;0.884230;0.733043;-1.000000
11.208019;0.699719;0.009186;1.000000
11.190732;0.036941;0.781823;-1.000000
10.513224;0.150515;1.571231;1.000000
10.447116;0.869939;2.248100;-1.000000
11.157393;0.889376;1.443201;1.000000
11.280543;0.101013;2.225577;-1.000000
10.493570;0.047424;3.036087;1.000000
10.508691;0.831735;3.777020;-1.000000
11.145397;0.911207;2.946853;1.000000
11.228430;0.029524;3.670882;-1.000000
10.423972;11.941544;4.519416;1.000000
10.463123;0.790782;5.182458;-1.000000
11.187879;0.745337;4.516970;1.000000
11.261072;11.949312;5.193535;-1.000000
10.499206;0.008872;5.963299;1.000000
10.472357;0.786943;6.780932;-1.000000
11.139395;0.778384;5.928867;1.000000
11.235840;0.092918;6.820534;-1.000000
10.467271;0.044870;7.500470;1.000000
10.497491;0.797384;8.218641;-1.000000
11.173050;0.828788;7.561772;1.000000
11.175146;0.105584;8.219850;-1.000000
10.518932;0.116919;8.937453;1.000000
10.497191;0.769393;9.835086;-1.000000
11.199150;0.772856;9.041740;1.000000
11.307445;0.109371;9.771746;-1.000000
10.453413;0.053881;10.456964;1.000000
10.433325;0.790647;11.186157;-1.000000
11.254000;0.786101;10.484960;1.000000
11.177047;0.021349;11.235803;-1.000000
10.524273;1.570939;11.822110;1.000000
10.371463;2.360498;0.751550;-1.000000
11.104765;2.408997;11.923081;1.000000
11.165734;1.643183;0.700847;-1.000000
10.387073;1.537125;1.510191;1.000000
10.453726;2.240221;2.183923;-1.000000
11.145658;2.286776;1.476480;1.000000
11.199076;1.620760;2.225882;-1.000000
10.457576;1.614530;2.968239;1.000000
10.511163;2.404847;3.699683;-1.000000
11.229912;2.386973;2.946286;1.000000
11.166113;1.603409;3.696818;-1.000000
10.491110;1.588576;4.483344;1.000000
10.377406;2.343460;5.270628;-1.000000
11.204492;2.315774;4.532350;1.000000
11.149019;1.639058;5.223136;-1.000000
10.414360;1.593395;5.982103;1.000000
10.495605;2.284441;6.734654;-1.000000
11.143808;2.336682;6.015694;1.000000
11.168449;1.587883;6.700084;-1.000000
10.440095;1.600140;7.476784;1.000000
10.460532;2.274845;8.274864;-1.000000
11.211398;2.218008;7.441250;1.000000
11.131401;1.531551;8.291772;-1.000000
10.503968;1.574425;9.070985;1.000000
10.448127;2.345809;9.770014;-1.000000
11.192111;2.323218;8.996186;1.000000
11.243252;1.505665;9.809057;-1.000000
10.567346;1.533611;10.567733;1.000000
10.410810;2.361584;11.111283;-1.000000
11.227584;2.328917;10.510688;1.000000
11.363370;1.559169;11.216158;-1.000000
10.466220;3.116382;0.034698;1.000000
10.446739;3.927199;0.787510;-1.000000
11.186071;3.787534;0.048914;1.000000
11.183398;3.137108;0.774020;-1.000000
10.459945;3.050958;1.484711;1.000000
10.406434;3.735440;2.172492;-1.000000
11.135317;3.926864;1.465740;1.000000
11.192446;3.050466;2.187520;-1.000000
10.458812;3.023118;2.961890;1.000000
10.438671;3.776328;3.765671;-1.000000
11.170467;3.786768;2.949977;1.000000
11.217013;3.152062;3.769853;-1.000000
10.412475;3.054174;4.505438;1.000000
10.434370;3.759319;5.254686;-1.000000
11.111606;3.791881;4.503614;1.000000
11.138725;3.036529;5.269304;-1.000000
10.361790;3.020190;5.990506;1.000000
10.388457;3.757260;6.782200;-1.000000
11.176075;3.779199;5.938059;1.000000
11.187385;3.115721;6.747440;-1.000000
10.514160;3.013235;7.462905;1.000000
10.482307;3.879175;8.166781;-1.000000
11.194668;3.768454;7.434604;1.000000
11.185607;3.061257;8.270764;-1.000000
10.409547;3.107444;8.908943;1.000000
10.364485;3.788986;9.718415;-1.000000
11.140513;3.852806;9.024465;1.000000
11.171277;2.998486;9.698879;-1.000000
10.465097;3.104792;10.400452;1.000000
10.503351;3.917030;11.137621;-1.000000
11.153439;3.827166;10.384596;1.000000
11.189616;3.137651;11.247989;-1.000000
10.425400;4.583243;0.074556;1.000000
10.475648;5.374542;0.732389;-1.000000
11.159066;5.266490;11.928881;1.000000
11.152657;4.637388;0.730058;-1.000000
10.418546;4.615781;1.514621;1.000000
10.481026;5.374269;2.258166;-1.000000
11.169292;5.358615;1.454707;1.000000
11.171164;4.644709;2.146916;-1.000000
10.375827;4.542917;2.862043;1.000000
10.335824;5.272491;3.566094;-1.000000
11.227608;5.330765;2.830797;1.000000
11.110203;4.583842;3.565074;-1.000000
10.402793;4.551943;4.418319;1.000000
10.507602;5.382572;5.332110;-1.000000
11.094511;5.303091;4.509562;1.000000
11.138942;4.587701;5.160086;-1.000000
10.461806;4.514454;6.126438;1.000000
10.572645;5.260505;6.749013;-1.000000
11.187156;5.249730;6.078139;1.000000
11.265945;4.450152;6.718642;-1.000000
10.576885;4.579098;7.478925;1.000000
10.447794;5.357028;8.193961;-1.000000
11.301772;5.361209;7.550084;1.000000
11.241301;4.620082;8.299231;-1.000000
10.441655;4.615258;8.903283;1.000000
10.402259;5.361283;9.653028;-1.000000
11.235121;5.331880;8.992748;1.000000
11.174476;4.491313;9.749206;-1.000000
10.355104;4.531222;10.422831;1.000000
10.463279;5.225831;11.174008;-1.000000
11.075404;5.265200;10.434104;1.000000
11.208098;4.574417;11.141207;-1.000000
10.457472;6.044745;0.004683;1.000000
10.537265;6.791898;0.774578;-1.000000
11.113979;6.812387;11.936210;1.000000
11.268844;5.962600;0.701058;-1.000000
10.472064;6.084870;1.468363;1.000000
10.426018;6.829643;2.215935;-1.000000
11.276519;6.778099;1.421450;1.000000
11.164701;6.095275;2.154308;-1.000000
10.456338;6.101986;2.921122;1.000000
10.516401;6.677077;3.660743;-1.000000
11.284210;6.717630;3.031189;1.000000
11.257401;5.914390;3.695143;-1.000000
10.434163;6.028984;4.492930;1.000000
10.408899;6.736526;5.262811;-1.000000
11.228650;6.661039;4.521784;1.000000
11.126274;6.085378;5.266385;-1.000000
10.465133;6.019265;6.102057;1.000000
10.452852;6.894126;6.783845;-1.000000
11.089124;6.768911;6.026164;1.000000
11.281886;6.011127;6.703715;-1.000000
10.459221;6.031014;7.449207;1.000000
10.423662;6.779609;8.186300;-1.000000
11.157121;6.731277;7.429229;1.000000
11.266015;6.071507;8.260574;-1.000000
10.510964;6.082747;8.919145;1.000000
10.463443;6.854173;9.687528;-1.000000
11.163427;6.892834;8.901747;1.000000
11.266097;6.080128;9.690780;-1.000000
10.436940;6.098302;10.449539;1.000000
10.452387;6.813654;11.200545;-1.000000
11.196601;6.844692;10.494229;1.000000
11.249850;6.119192;11.224038;-1.000000
10.444096;7.583671;0.014684;1.000000
10.570712;8.285783;0.773116;-1.000000
11.240910;8.348142;0.060569;1.000000
11.211511;7.517593;0.691943;-1.000000
10.499956;7.519591;1.495308;1.000000
10.504644;8.235243;2.238643;-1.000000
11.234790;8.308761;1.519136;1.000000
11.199606;7.455898;2.283377;-1.000000
10.392444;7.509041;3.051697;1.000000
10.513474;8.262604;3.756479;-1.000000
11.205376;8.323383;3.088560;1.000000
11.187863;7.477764;3.739008;-1.000000
10.453233;7.437050;4.469550;1.000000
10.495238;8.183314;5.199898;-1.000000
11.235320;8.198151;4.512655;1.000000
11.197607;7.478376;5.161626;-1.000000
10.437942;7.523930;5.963840;1.000000
10.452672;8.274417;6.659475;-1.000000
11.234396;8.191027;5.929965;1.000000
11.134407;7.603808;6.753279;-1.000000
10.461896;7.594092;7.501733;1.000000
10.429618;8.289768;8.247909;-1.000000
11.252482;8.290986;7.491396;1.000000
11.206165;7.575742;8.182442;-1.000000
10.397876;7.581983;9.013250;1.000000
10.526213;8.328612;9.715668;-1.000000
11.233748;8.288513;8.932870;1.000000
11.194604;7.495656;9.650981;-1.000000
10.524454;7.635575;10.405956;1.000000
10.481588;8.319572;11.290860;-1.000000
11.217698;8.343368;10.546094;1.000000
11.280781;7.635245;11.253217;-1.000000
10.438683;9.170024;0.025960;1.000000
10.446439;9.796716;0.764745;-1.000000
11.271630;9.770387;0.088968;1.000000
11.254511;9.083101;0.746222;-1.000000
10.418468;8.970425;1.521253;1.000000
10.456656;9.769467;2.249498;-1.000000
11.120100;9.718057;1.500897;1.000000
11.229705;9.086637;2.256782;-1.000000
10.518299;9.116619;2.943837;1.000000
10.512682;9.832306;3.739768;-1.000000
11.324867;9.788516;3.021480;1.000000
11.189356;9.062426;3.737882;-1.000000
10.520751;8.954056;4.545015;1.000000
10.457473;9.765675;5.254231;-1.000000
11.244481;9.702109;4.607331;1.000000
11.297426;8.916806;5.267813;-1.000000
10.526245;8.930263;5.850413;1.000000
10.451387;9.699772;6.589946;-1.000000
11.234307;9.759367;5.870631;1.000000
11.208382;9.015454;6.524618;-1.000000
10.520174;8.970015;7.423314;1.000000
10.412024;9.776480;8.265917;-1.000000
11.116249;9.763316;7.470999;1.000000
11.237872;9.022393;8.190762;-1.000000
10.495504;9.016739;8.980355;1.000000
10.455086;9.771314;9.609723;-1.000000
11.211490;9.670570;8.879136;1.000000
11.232867;8.977218;9.741147;-1.000000
10.463803;9.092117;10.503408;1.000000
10.421719;9.798334;11.239739;-1.000000
11.241891;9.744188;10.482213;1.000000
11.136389;9.041619;11.202703;-1.000000
10.474997;10.614888;11.934113;1.000000
10.436397;11.316052;0.803657;-1.000000
11.351470;11.314293;0.071891;1.000000
11.210131;10.522872;0.755109;-1.000000
10.367654;10.509885;1.488261;1.000000
10.438905;11.274275;2.259879;-1.000000
11.176714;11.272456;1.499299;1.000000
11.210262;10.477806;2.190028;-1.000000
10.530856;10.529739;2.957882;1.000000
10.394210;11.195790;3.724818;-1.000000
11.212877;11.300056;2.950899;1.000000
11.255582;10.536370;3.755987;-1.000000
10.445494;10.510956;4.435189;1.000000
10.448105;11.263661;5.195334;-1.000000
11.239295;11.292251;4.390415;1.000000
11.154937;10.533873;5.223869;-1.000000
10.433081;10.562671;5.977462;1.000000
10.516555;11.279839;6.706865;-1.000000
11.187169;11.292103;5.902597;1.000000
11.210724;10.540551;6.705794;-1.000000
10.511389;10.637430;7.475326;1.000000
10.474238;11.358824;8.200266;-1.000000
11.294309;11.326526;7.450525;1.000000
11.227952;10.471271;8.273509;-1.000000
10.370122;10.525585;8.921985;1.000000
10.467793;11.132504;9.715350;-1.000000
11.206089;11.202136;8.933289;1.000000
11.172872;10.475480;9.679627;-1.000000
10.480760;10.524145;10.465732;1.000000
10.464652;11.357110;11.231079;-1.000000
11.199451;11.264284;10.427959;1.000000
11.214244;10.571224;11.262994;-1.000000
